code6,name,industry,market_type,research_status,dqc_score,valuation_score,dividend_score,cashflow_score,dividend_yield,pe_ttm,pb,average_payout,cash_conversion,cash_coverage,dividend_stability,dividend_cagr,risk_flag_count,factor_status,factor_coverage
601857,中国石油,石油加工贸易,主板,红利质量优先,82.8018,78.9085,78.8283,90.1124,4.5149,11.5593,1.2423,0.4621,2.6224,5.4204,0.9693,0.0335,0,有效,1.0000
600742,富维股份,汽车零部件,主板,红利质量优先,81.5657,79.6695,80.2887,84.4681,5.2000,14.6679,0.6680,0.5112,3.0544,5.9749,0.7015,0.4422,0,有效,1.0000
600741,华域汽车,汽车零部件,主板,红利质量优先,80.5304,94.7603,82.9996,65.8642,5.0000,6.8802,0.7192,0.3762,1.3213,3.2627,0.8729,0.1547,0,有效,1.0000
000404,长虹华意,白色家电,主板,红利质量优先,79.1932,89.0177,75.7665,74.1989,4.8744,9.6111,1.0932,0.4638,1.9686,4.3688,0.8981,0.1320,0,有效,1.0000
600694,大商股份,零售,主板,红利质量优先,78.6909,91.9173,85.6633,60.3816,5.5772,10.9828,0.6061,0.5634,1.8351,3.4025,0.9225,0.1000,0,有效,1.0000
600987,航民股份,纺织制造,主板,红利质量优先,78.6388,93.2456,80.6035,64.1541,5.0798,8.8281,0.9432,0.4601,1.4261,2.9331,0.9318,0.0646,0,有效,1.0000
000651,格力电器,白色家电,主板,红利质量优先,78.5533,88.6896,83.9141,64.5043,7.4590,7.6579,1.4370,0.5206,1.5992,2.7630,0.8901,0.1302,0,有效,1.0000
600461,洪城环境,环境治理,主板,红利质量优先,78.0224,83.3445,85.2690,66.2139,5.0378,9.8666,1.1608,0.5007,1.6009,3.1916,0.9543,0.0522,0,有效,1.0000
603187,海容冷链,通用设备,主板,红利质量优先,77.8596,89.3528,76.0314,69.8365,3.5054,12.6498,0.9675,0.5406,1.5427,3.0253,0.9529,0.0045,0,有效,1.0000
000598,兴蓉环境,环境治理,主板,红利质量优先,77.7474,85.7865,67.4055,81.1986,3.2803,10.1974,1.0435,0.2796,1.8440,6.5954,0.8602,0.1760,0,有效,1.0000
600873,梅花生物,化学制品,主板,红利质量优先,77.3030,87.1923,68.6035,77.5258,4.2300,9.3355,1.2956,0.3767,1.6438,3.3413,0.8274,0.0007,0,有效,1.0000
000719,中原传媒,文化传媒,主板,红利质量优先,76.6763,86.5220,82.8003,62.1130,5.6122,9.0077,1.0066,0.4909,1.5158,3.0878,0.8179,0.2536,0,有效,1.0000
601139,深圳燃气,燃气,主板,稳健观察,76.6548,93.0144,53.3763,85.9108,2.4242,11.4815,1.0739,0.3197,2.5375,7.8440,1.0000,0.0000,0,有效,1.0000
601107,四川成渝,公路铁路运输,主板,红利质量优先,76.1640,69.3402,82.7960,75.3810,4.8849,12.0702,1.0939,0.4299,2.5334,5.8930,0.9079,0.1124,0,有效,1.0000
600096,云天化,农化制品,主板,红利质量优先,75.9896,73.1108,72.7999,81.6469,4.1904,9.3516,1.9604,0.4782,2.0135,4.2108,0.8511,0.1832,0,有效,1.0000
600717,天津港,港口航运,主板,稳健观察,75.9596,92.1823,46.8178,91.1961,2.2819,10.6029,0.5986,0.3010,2.5576,8.4970,0.9908,0.0000,0,有效,1.0000
002705,新宝股份,小家电,主板,红利质量优先,75.6954,78.9445,76.6311,71.9746,3.1557,15.8258,1.1175,0.3443,1.3195,3.7334,0.9529,0.0519,0,有效,1.0000
601827,三峰环境,环境治理,主板,红利质量优先,75.4640,79.9849,66.1022,80.9506,3.1405,10.7786,1.0664,0.3507,1.9135,5.2962,0.9490,0.0625,0,有效,1.0000
002091,江苏国泰,贸易,主板,红利质量优先,75.3965,92.7448,79.8796,56.0433,5.2048,9.9691,0.7748,0.5888,1.6721,3.0647,0.8211,0.2517,0,有效,1.0000
600941,中国移动,通信服务,主板,红利质量优先,75.2865,57.5281,80.4414,85.3531,4.6548,16.0237,1.4856,0.0305,2.2818,74.8844,0.9714,0.0328,0,有效,1.0000
601728,中国电信,通信服务,主板,红利质量优先,75.1376,51.6854,77.0385,93.3387,4.3175,19.2822,1.2159,0.6109,4.4005,7.2028,0.9365,0.0800,0,有效,1.0000
600019,宝钢股份,钢铁,主板,红利质量优先,75.0015,79.9390,64.7271,81.0437,4.0268,12.6942,0.6179,0.6134,3.2475,5.1852,0.8306,-0.0223,0,有效,1.0000
603689,皖天然气,燃气,主板,稳健观察,74.7665,87.2389,74.4935,64.3488,4.3157,11.6846,1.0837,0.5158,1.4387,2.9577,0.9638,0.0437,0,有效,1.0000
601898,中煤能源,煤炭开采加工,主板,稳健观察,74.6355,90.4270,58.4434,77.2921,3.0788,10.0531,1.1090,0.2071,1.7704,8.4993,0.8137,-0.0691,0,有效,1.0000
600050,中国联通,通信服务,主板,稳健观察,74.5096,61.6051,65.2488,94.8315,3.1996,18.8485,0.7604,0.5473,10.1059,18.4653,0.9094,0.1125,0,有效,1.0000
600938,中国海油,油气开采及服务,主板,稳健观察,74.5028,68.7640,70.7544,83.1701,3.7937,11.4594,1.8522,0.0278,1.6936,61.0637,0.9451,0.0015,0,有效,1.0000
002758,浙农股份,农化制品,主板,稳健观察,74.2904,98.0353,67.9470,60.2809,3.2771,7.3584,0.8673,0.4021,2.2902,5.5759,0.9727,0.0213,0,有效,1.0000
603833,欧派家居,家居用品,主板,稳健观察,74.2700,83.1310,82.1042,58.8405,4.7552,12.9055,1.0173,0.5780,1.7013,2.9177,0.9484,-0.0527,1,有效,1.0000
600690,海尔智家,白色家电,主板,稳健观察,73.8369,76.0591,71.0279,74.7411,4.4489,10.5413,1.5710,0.3191,1.4051,4.4027,0.8532,0.1984,0,有效,1.0000
002120,韵达股份,物流,主板,稳健观察,73.6448,89.0617,67.8808,66.1944,2.9674,12.0130,0.9324,0.3025,2.6578,6.8900,0.9261,0.0834,1,有效,1.0000
600585,海螺水泥,建筑材料,主板,稳健观察,73.5523,76.5120,69.6320,74.9358,3.8884,14.3932,0.4686,0.3669,2.0515,5.2573,0.8782,-0.0592,1,有效,1.0000
600269,赣粤高速,公路铁路运输,主板,稳健观察,73.5281,85.8008,62.4766,74.0603,3.2755,12.1390,0.4565,0.3104,2.0973,6.6081,0.9717,0.0308,0,有效,1.0000
601717,中创智领,专用设备,主板,稳健观察,73.5180,95.3802,78.1631,50.1338,5.0916,6.8584,0.9791,0.4391,0.9337,2.2825,0.8402,0.2198,0,有效,1.0000
603365,水星家纺,服装家纺,主板,稳健观察,73.3414,82.4677,74.1477,64.7125,4.7529,10.0431,1.3522,0.6358,1.3075,2.0849,0.9530,0.0462,0,有效,1.0000
000708,中信特钢,钢铁,主板,稳健观察,73.3269,72.1525,72.4370,75.2235,3.9450,10.5557,1.4734,0.4995,2.0956,4.1959,0.9007,0.0694,0,有效,1.0000
600874,创业环保,环境治理,主板,稳健观察,73.2278,94.0209,71.3240,57.3091,3.5185,9.7674,0.8229,0.2591,1.7121,6.6071,0.8932,0.1221,0,有效,1.0000
600011,华能国际,电力,主板,稳健观察,73.1507,73.7747,77.0317,68.7349,5.3619,9.2984,1.6914,0.2930,4.9855,17.0171,0.7143,0.4142,0,有效,1.0000
601900,南方传媒,文化传媒,主板,稳健观察,72.9904,76.0347,73.7522,69.6193,4.1760,10.4016,1.2587,0.4736,1.6316,3.3332,0.9852,0.0184,0,有效,1.0000
000999,华润三九,中药,主板,稳健观察,72.9783,77.1854,71.6703,70.6802,3.6543,11.9057,1.7086,0.5059,1.4693,2.8279,0.9329,0.0806,0,有效,1.0000
600483,福能股份,电力,主板,稳健观察,72.7912,83.4087,71.9308,64.5509,4.4984,10.2109,1.0921,0.3085,1.7277,5.4363,0.8224,0.2167,0,有效,1.0000
600803,新奥股份,燃气,主板,稳健观察,72.7846,54.5443,82.3081,78.8957,5.4913,13.0509,2.4275,0.7287,3.0475,4.3253,0.7194,0.4380,1,有效,1.0000
601518,吉林高速,公路铁路运输,主板,稳健观察,72.6774,81.7160,75.7174,61.8901,4.6099,10.7417,0.9168,0.3114,1.6697,4.8312,0.8052,0.2019,0,有效,1.0000
600258,首旅酒店,旅游及酒店,主板,稳健观察,72.3688,71.5570,52.4318,93.0016,2.6866,14.3832,1.0235,0.4985,4.1806,8.3857,0.7244,0.4302,0,有效,1.0000
600502,安徽建工,建筑装饰,主板,稳健观察,72.3446,91.6661,87.7667,40.3612,5.7569,4.6450,0.5956,0.3038,0.9032,2.7798,0.9823,0.0190,0,有效,1.0000
002612,朗姿股份,美容护理,主板,稳健观察,72.3272,74.1701,80.8218,62.2528,5.8708,9.1011,2.6986,0.6790,2.2183,3.2669,0.4645,0.6330,0,有效,1.0000
002772,众兴菌业,种植业与林业,主板,稳健观察,72.2954,89.3098,56.5158,73.4912,3.0843,8.5237,1.0932,0.7393,3.1487,4.2593,0.8098,0.1956,0,有效,1.0000
000027,深圳能源,电力,主板,稳健观察,72.1812,74.5584,53.7406,88.5841,2.4540,12.9002,0.8867,0.3559,5.6182,15.5245,0.9456,0.0690,0,有效,1.0000
600642,申能股份,电力,主板,稳健观察,72.1658,70.4640,84.8301,60.9601,5.9126,11.8446,1.1675,0.5609,2.1236,3.7518,0.9399,0.0724,0,有效,1.0000
600713,南京医药,医药商业,主板,稳健观察,72.1355,82.9549,69.9906,65.0065,3.1136,10.2899,0.8916,0.3626,3.2993,9.1001,0.9720,0.0303,0,有效,1.0000
603387,基蛋生物,医疗器械,主板,稳健观察,72.0857,72.1456,65.8409,78.2792,2.8674,16.7999,1.6925,0.4082,1.7792,3.2852,0.8793,0.0954,1,有效,1.0000
600282,南钢股份,钢铁,主板,稳健观察,72.0797,87.5570,79.7432,51.1501,4.8631,10.0172,0.9811,0.5500,1.2811,2.3294,0.8606,0.0115,0,有效,1.0000
000513,丽珠集团,化学制药,主板,稳健观察,71.9345,50.2168,77.1086,85.3754,4.1497,17.0914,2.1411,0.4157,1.5544,3.8998,0.8876,0.0047,0,有效,1.0000
000690,宝新能源,电力,主板,稳健观察,71.8958,89.9873,71.0429,57.2416,5.9666,10.1992,0.8628,0.5310,2.2587,3.2608,0.7327,-0.0871,0,有效,1.0000
001286,陕西能源,电力,主板,稳健观察,71.5666,70.5021,74.1583,69.8873,4.4039,11.6824,1.3308,0.5110,2.7911,5.3569,0.9401,0.0672,0,有效,1.0000
600035,楚天高速,公路铁路运输,主板,稳健观察,71.4777,93.3341,67.6894,56.5320,4.1237,10.3138,0.6528,0.3566,2.2571,6.3301,0.9280,-0.0823,1,有效,1.0000
600023,浙能电力,电力,主板,稳健观察,71.4120,74.3467,85.2857,55.0229,6.6667,12.5850,0.9431,0.5142,1.7604,3.4238,0.8874,0.1489,0,有效,1.0000
601766,中国中车,轨交设备,主板,稳健观察,71.3293,79.6790,68.0618,67.4398,3.3724,12.6123,0.9952,0.4154,1.8349,4.3224,0.9415,0.0724,0,有效,1.0000
603816,顾家家居,家居用品,主板,稳健观察,71.2617,71.3459,79.3998,63.0515,4.4893,12.5448,2.0452,0.6332,1.5498,2.3636,0.9979,0.0021,0,有效,1.0000
601390,中国中铁,建筑装饰,主板,价值陷阱复核,71.1666,97.9615,60.2228,59.1434,3.1054,5.2867,0.3228,0.1311,1.1458,8.3974,0.9009,-0.1088,2,有效,1.0000
600008,首创环保,环境治理,主板,稳健观察,71.1269,80.3024,67.6287,66.7604,4.0000,11.8266,0.9490,0.4560,2.1229,4.2703,0.7735,0.0954,0,有效,1.0000
002648,卫星化学,化学制品,主板,稳健观察,70.9291,68.5920,64.0202,79.8411,2.8281,9.9218,2.2932,0.2813,1.7442,5.9344,0.9001,0.1170,0,有效,1.0000
000672,上峰材料,建筑材料,主板,稳健观察,70.7698,81.4510,65.3258,67.0586,3.6951,8.0928,1.4264,0.7177,1.5759,2.1958,0.8115,0.0939,0,有效,1.0000
600968,海油发展,油气开采及服务,主板,稳健观察,70.6641,81.8299,71.8700,59.8876,3.8281,10.1315,1.3330,0.3753,1.5193,4.0477,0.8820,0.1560,0,有效,1.0000
000885,城发环境,环境治理,主板,稳健观察,70.3470,98.8058,58.7994,57.5014,2.8134,6.1215,0.7603,0.2003,1.3973,8.3987,0.8267,0.2376,0,有效,1.0000
601598,中国外运,物流,主板,稳健观察,70.3145,72.8504,85.6219,52.8335,4.9505,12.6303,1.1615,0.3845,0.9094,2.5334,0.9881,0.0114,0,有效,1.0000
601330,绿色动力,环境治理,主板,稳健观察,70.2552,53.0462,77.2900,77.9711,4.7548,16.7625,1.4349,0.5072,2.4586,5.6853,0.6985,0.4793,0,有效,1.0000
600027,华电国际,电力,主板,稳健观察,70.2065,78.7878,72.5518,60.5059,4.6371,10.7057,1.1341,0.3132,3.2498,10.3808,0.7731,0.3352,0,有效,1.0000
000915,华特达因,化学制药,主板,稳健观察,70.2061,68.0082,70.5493,71.7468,7.5666,13.1239,2.1125,1.0948,2.0071,2.1705,0.8990,0.1180,1,有效,1.0000
000726,鲁泰A,纺织制造,主板,稳健观察,69.7409,92.8668,56.2568,63.4029,3.5112,10.0157,0.4941,0.3443,2.1189,6.0893,0.7306,0.3868,0,有效,1.0000
601326,秦港股份,港口航运,主板,稳健观察,69.7144,75.8125,56.3772,77.8247,3.2951,11.9992,0.9427,0.2584,1.5433,5.9723,0.8448,0.1771,0,有效,1.0000
601877,正泰电器,电网设备,主板,稳健观察,69.7088,91.8232,51.3863,69.0762,2.1513,10.3535,1.1411,0.3206,3.9238,11.8170,0.9622,0.0394,0,有效,1.0000
600062,华润双鹤,化学制药,主板,稳健观察,69.6957,88.0473,57.4682,66.1932,2.6189,10.2484,1.3499,0.3006,1.1130,3.7297,0.7448,0.3645,0,有效,1.0000
600351,亚宝药业,中药,主板,稳健观察,69.5519,68.1413,72.0650,68.2480,5.3929,14.3447,1.6435,0.7568,1.9436,2.3690,0.6937,0.4975,0,有效,1.0000
000338,潍柴动力,汽车零部件,主板,稳健观察,69.5239,44.6714,75.8686,84.4815,4.2558,16.6308,2.2477,0.4268,2.6240,5.8407,0.8518,0.1848,0,有效,1.0000
000921,海信家电,白色家电,主板,稳健观察,69.2634,60.3268,78.3801,67.8067,5.0987,13.2581,2.1022,0.3397,1.8189,4.9559,0.9052,0.1168,0,有效,1.0000
600612,老凤祥,服装家纺,主板,稳健观察,69.2404,73.8061,59.2177,75.3495,3.7104,12.8803,1.2165,0.4615,3.2567,6.9078,0.9277,-0.0801,1,有效,1.0000
600057,厦门象屿,物流,主板,稳健观察,68.9581,71.8494,57.4222,78.0159,2.5822,12.8377,1.1188,0.4832,3.9501,8.1947,0.9563,-0.0427,0,有效,1.0000
603043,广州酒家,食品加工制造,主板,稳健观察,68.9507,70.0604,58.6463,78.3038,2.8361,15.2697,1.9557,0.5528,1.8052,3.2655,0.9827,0.0184,0,有效,1.0000
603345,安井食品,食品加工制造,主板,稳健观察,68.8497,60.3633,69.0368,75.9367,3.6138,17.5015,1.6638,0.6158,1.4169,2.6425,0.8857,0.0634,0,有效,1.0000
001914,招商积余,房地产,主板,稳健观察,68.6392,71.6533,50.5939,84.1011,2.4345,15.0497,0.9009,0.3025,2.4689,7.2152,0.8292,0.2328,0,有效,1.0000
600583,海油工程,油气开采及服务,主板,稳健观察,68.6358,74.2215,67.5642,64.9197,3.5701,13.8976,1.0005,0.4112,1.7814,4.3325,0.8656,0.1547,0,有效,1.0000
600033,福建高速,公路铁路运输,主板,稳健观察,68.6175,84.3940,51.5332,72.1791,2.9298,10.9004,0.7951,0.3515,2.6712,7.5994,0.9149,0.0042,0,有效,1.0000
600496,精工钢构,建筑装饰,主板,稳健观察,68.5982,66.4559,75.5227,63.5099,5.3012,10.6037,0.7286,0.3112,1.3049,3.9406,0.4068,0.9149,0,有效,1.0000
600998,九州通,医药商业,主板,稳健观察,68.5646,69.6422,80.1183,56.0873,3.9062,12.4439,0.9269,0.4423,1.5259,3.4500,0.9905,0.0102,0,有效,1.0000
600801,华新建材,建筑材料,主板,稳健观察,68.5152,59.5281,52.8860,91.8475,2.2412,14.2897,1.4901,0.2579,2.3460,9.0647,0.9252,0.0181,0,有效,1.0000
601225,陕西煤业,煤炭开采加工,主板,价值陷阱复核,68.3925,57.2937,75.2765,71.0217,4.4465,12.1956,2.4597,0.5519,1.8940,3.2933,0.8494,-0.1509,2,有效,1.0000
002206,海利得,化学纤维,主板,稳健观察,68.0879,77.3997,67.3274,60.8668,3.4188,10.9716,1.4034,0.4942,1.5773,3.1914,0.8866,0.1500,0,有效,1.0000
600795,国电电力,电力,主板,稳健观察,67.9742,51.8567,74.5332,75.2301,4.7817,14.7329,1.5867,0.3816,7.4941,15.5979,0.7313,0.4172,0,有效,1.0000
300360,炬华科技,电网设备,创业板,稳健观察,67.8150,77.6456,76.1638,51.0400,3.4503,14.0479,1.3414,0.4642,0.9241,2.1626,0.9126,0.1007,0,有效,1.0000
000600,建投能源,电力,主板,稳健观察,67.7987,87.6510,61.9420,56.6390,3.7515,8.0646,1.1544,0.4428,7.0996,14.8658,0.4164,0.9966,0,有效,1.0000
603408,建霖家居,家居用品,主板,稳健观察,67.7772,76.2243,78.0063,50.3078,4.7267,12.7131,1.5283,0.6500,1.4395,2.3248,0.7967,0.2104,0,有效,1.0000
002701,奥瑞金,包装印刷,主板,稳健观察,67.6175,86.4591,46.9470,72.1380,2.0168,12.4648,1.0650,0.3886,2.5666,7.4430,1.0000,-0.0000,0,有效,1.0000
603518,锦泓集团,服装家纺,主板,价值陷阱复核,67.3385,91.4154,36.2758,77.7638,2.0597,10.4333,0.7084,0.3051,2.5171,7.6584,0.8234,-0.1250,2,有效,1.0000
300453,三鑫医疗,医疗器械,创业板,稳健观察,67.2985,56.3117,69.4626,74.5517,3.4404,16.7216,3.1571,0.5911,1.7132,2.9411,0.7104,0.4290,0,有效,1.0000
600866,星湖科技,化学制品,主板,稳健观察,67.2843,41.8401,88.1284,68.2494,5.4676,31.8545,0.8881,0.6694,2.5423,3.2091,1.0000,0.0000,0,有效,1.0000
000612,焦作万方,工业金属,主板,稳健观察,67.2406,86.7576,60.4934,57.2588,2.9492,7.1783,1.5654,0.2814,1.4362,5.1031,0.5479,0.5236,0,有效,1.0000
600861,北京人力,其他社会服务,主板,稳健观察,67.2152,95.7496,82.5634,27.4090,5.6341,9.3686,1.0072,0.5000,1.0940,2.1879,0.6941,0.4611,0,有效,1.0000
600729,重百集团,零售,主板,价值陷阱复核,67.1377,78.9005,60.5247,63.6683,3.6535,11.0924,1.0022,0.4564,1.5388,3.3717,0.8421,-0.1632,2,有效,1.0000
600098,广州发展,电力,主板,稳健观察,67.0866,75.3604,78.8660,48.2155,5.3517,13.3335,0.7997,0.5353,2.4234,4.5809,0.8511,0.1830,0,有效,1.0000
603368,柳药集团,医药商业,主板,稳健观察,66.9950,94.0990,74.6924,36.0656,3.8159,9.1939,0.7576,0.3489,0.9809,2.8112,0.9092,0.0503,0,有效,1.0000
002884,凌霄泵业,通用设备,主板,稳健观察,66.9902,69.2791,81.3443,50.6743,5.6529,12.5980,2.4037,0.8085,1.0091,1.2396,1.0000,0.0000,0,有效,1.0000
601668,中国建筑,建筑装饰,主板,价值陷阱复核,66.8321,93.2049,83.8387,27.2202,5.2982,5.5713,0.3565,0.2429,0.3426,1.4107,0.9969,-0.0030,2,有效,1.0000
603658,安图生物,医疗器械,主板,稳健观察,66.8199,53.4750,79.5698,65.5087,3.6985,19.3188,2.2141,0.6028,1.2073,1.8185,0.9129,0.1089,0,有效,1.0000
603600,永艺股份,家居用品,主板,稳健观察,66.8154,72.9121,73.9922,54.4129,3.8753,14.2994,1.4785,0.5144,1.1832,2.4452,0.9362,0.0711,1,有效,1.0000
603611,诺力股份,工程机械,主板,稳健观察,66.7885,64.5778,73.0465,62.4254,3.4070,12.2070,1.2823,0.5000,1.6575,3.3133,0.8501,0.1573,0,有效,1.0000
600323,瀚蓝环境,环境治理,主板,稳健观察,66.6824,68.6408,68.2711,63.4151,3.6713,10.7390,1.5647,0.3920,1.9669,5.0173,0.6996,0.4790,0,有效,1.0000
600060,海信视像,黑色家电,主板,稳健观察,66.6722,63.6918,73.7721,62.1268,3.8727,13.7005,1.6070,0.5016,1.6010,3.1319,0.9370,0.0804,0,有效,1.0000
600480,凌云股份,汽车零部件,主板,稳健观察,66.6572,72.8726,63.4494,64.5376,3.2547,13.2718,1.1624,0.5739,2.1486,5.7720,0.7169,0.4420,0,有效,1.0000
688526,科前生物,养殖业,科创板,稳健观察,66.6242,71.0485,71.5178,57.9384,4.1940,18.0049,1.4047,0.5217,1.1190,1.9685,0.8000,0.2219,0,有效,1.0000
002563,森马服饰,服装家纺,主板,稳健观察,66.5768,64.2597,68.2789,66.8608,5.5351,13.8739,1.2668,0.8290,1.7309,2.1401,0.9256,0.0000,1,有效,1.0000
002128,电投能源,煤炭开采加工,主板,稳健观察,66.3787,62.3002,79.3006,56.9526,4.6578,12.2828,1.6649,0.3567,1.5070,4.1727,0.7227,0.3827,0,有效,1.0000
001872,招商港口,港口航运,主板,稳健观察,66.3402,68.9284,67.9120,62.5499,4.1335,12.7081,0.9278,0.4074,1.7743,4.3554,0.8719,0.1694,0,有效,1.0000
000951,中国重汽,汽车整车,主板,稳健观察,66.3034,75.0562,76.6292,48.4751,4.8935,11.8212,1.4069,0.5499,1.9562,3.9132,0.7718,0.3379,0,有效,1.0000
000786,北新建材,建筑材料,主板,稳健观察,66.2850,84.1942,55.3989,61.8202,2.7433,11.7521,1.0107,0.4007,1.4079,3.5133,0.9042,-0.0909,0,有效,1.0000
601117,中国化学,建筑装饰,主板,稳健观察,66.2194,84.0118,59.7434,57.4449,2.8021,6.7182,0.6182,0.2002,1.5334,7.6788,0.9268,0.0885,0,有效,1.0000
000543,皖能电力,电力,主板,稳健观察,66.0505,92.6895,74.0537,35.2138,4.7673,8.6660,0.8922,0.3505,1.8207,5.1958,0.7874,0.3096,0,有效,1.0000
000333,美的集团,白色家电,主板,稳健观察,65.9038,47.8562,82.1310,65.1459,5.5022,14.0398,2.9420,0.6343,1.5702,2.4755,0.8585,0.1887,0,有效,1.0000
600757,长江传媒,文化传媒,主板,稳健观察,65.7750,85.1352,82.7197,32.2360,4.6171,11.0756,0.9004,0.4907,0.6113,1.2457,0.9884,0.0124,1,有效,1.0000
603899,晨光股份,家居用品,主板,稳健观察,65.7199,54.7484,68.0685,72.7755,3.6955,14.9573,2.2965,0.6561,1.7138,2.4998,0.9027,0.1132,0,有效,1.0000
603529,爱玛科技,汽车服务及其他,主板,稳健观察,65.6019,62.7929,72.1429,61.4687,3.9461,12.6706,1.9230,0.4039,1.5926,3.7183,0.8669,0.1574,0,有效,1.0000
000528,柳工,工程机械,主板,稳健观察,65.5604,96.3660,60.8652,43.8507,2.7378,10.4109,0.7996,0.4040,0.9962,2.4656,0.8013,0.2846,0,有效,1.0000
601686,友发集团,钢铁,主板,稳健观察,65.5078,75.6180,80.8714,41.4783,4.7771,10.9489,1.0656,0.7401,1.6357,2.5953,0.9899,0.0079,0,有效,1.0000
603515,欧普照明,光学光电子,主板,稳健观察,65.4954,77.4125,82.7785,37.9976,4.6499,13.4690,1.6345,0.6833,0.9072,1.2291,0.9711,0.0027,0,有效,1.0000
000550,江铃汽车,汽车整车,主板,稳健观察,65.3808,79.2937,55.9631,62.8732,2.9882,11.7743,1.1746,0.4000,2.0311,5.0779,0.8912,-0.1031,0,有效,1.0000
002056,横店东磁,光伏设备,主板,稳健观察,65.3724,33.4510,74.4382,83.6677,5.0256,17.8712,2.9983,0.3964,1.9282,4.8644,0.5661,0.5797,0,有效,1.0000
600420,国药现代,化学制药,主板,稳健观察,65.3594,60.0379,61.9227,73.3573,2.9703,20.1993,0.7987,0.3713,2.0819,5.6070,0.5959,0.7321,0,有效,1.0000
600273,嘉化能源,化学制品,主板,稳健观察,65.3214,85.6218,84.8424,28.4000,5.1487,12.8401,0.8065,0.5372,0.8266,1.3893,0.9647,0.0316,0,有效,1.0000
600210,紫江企业,包装印刷,主板,稳健观察,65.2908,86.3756,84.5907,27.9181,4.7619,8.5641,1.4161,0.5626,1.2226,2.2522,0.8639,0.1832,0,有效,1.0000
000755,山西高速,公路铁路运输,主板,稳健观察,65.2906,46.1472,62.7057,84.2843,3.9841,14.6185,1.2550,0.6280,2.5517,4.3331,0.5074,1.1082,0,有效,1.0000
000900,现代投资,公路铁路运输,主板,稳健观察,65.1966,57.2493,69.3651,67.8399,3.9120,16.2525,0.4927,0.6003,6.5086,9.7430,0.9693,0.0328,1,有效,1.0000
600211,西藏药业,生物制品,主板,稳健观察,65.1234,70.7673,67.5369,57.8724,4.1293,11.7785,2.9453,0.6001,1.0712,1.7852,0.8901,0.0820,0,有效,1.0000
600300,维维股份,饮料制造,主板,稳健观察,65.0484,83.1414,57.4677,57.1210,2.9630,14.2853,1.3755,0.5027,2.6681,5.3073,0.7378,0.2649,0,有效,1.0000
600761,安徽合力,工程机械,主板,稳健观察,65.0439,73.9197,69.2777,53.2022,2.8722,12.1340,1.1861,0.3993,1.1168,3.0340,0.9442,0.0623,0,有效,1.0000
600618,氯碱化工,化学原料,主板,普通观察,64.8288,76.1862,54.6916,65.2309,2.0202,13.8891,1.1701,0.3084,1.3121,4.0782,0.9216,0.0954,0,有效,1.0000
601808,中海油服,油气开采及服务,主板,普通观察,64.8194,65.9711,42.3274,86.3242,2.0121,14.8067,1.2163,0.2176,3.5118,16.1372,0.8734,0.1598,0,有效,1.0000
603558,健盛集团,服装家纺,主板,普通观察,64.7601,65.1551,79.3671,49.8145,5.3428,10.2513,2.0047,0.5474,1.4429,2.1215,0.9452,0.0482,0,有效,1.0000
600219,南山铝业,工业金属,主板,普通观察,64.7351,62.0899,80.2659,51.4717,8.0743,12.1754,1.0642,0.4086,1.5688,3.0161,0.4354,0.8865,0,有效,1.0000
000683,博源化工,化学原料,主板,普通观察,64.7287,47.7953,75.8885,68.0833,4.0323,20.0709,1.6812,0.7938,2.4882,2.8059,0.9983,-0.0019,1,有效,1.0000
601669,中国电建,建筑装饰,主板,价值陷阱复核,64.6478,79.2413,38.2929,78.4938,2.0292,9.2652,0.5273,0.1816,2.0422,11.2252,0.8947,-0.1207,2,有效,1.0000
600551,时代出版,文化传媒,主板,普通观察,64.6164,76.3120,59.6767,59.5313,3.6946,13.2509,0.8908,0.4964,1.7753,2.6152,0.8838,-0.0835,1,有效,1.0000
600970,中材国际,建筑装饰,主板,普通观察,64.4555,72.2525,80.6244,41.6035,4.6198,8.4239,0.8864,0.3982,0.7677,1.9278,0.9284,0.0912,1,有效,1.0000
600479,千金药业,中药,主板,普通观察,64.4533,47.1701,71.7887,71.9320,3.7402,17.3296,1.9463,0.6529,1.6775,2.6468,0.8907,0.1227,0,有效,1.0000
600018,上港集团,港口航运,主板,普通观察,64.4338,92.6446,66.0995,38.5875,3.5978,9.0007,0.8621,0.3036,0.8701,2.6000,0.9422,0.0647,0,有效,1.0000
600020,中原高速,公路铁路运输,主板,普通观察,64.3970,74.3134,43.4834,76.8108,2.8169,13.1978,0.7229,0.4291,3.0559,7.5602,0.8599,-0.1026,1,有效,1.0000
000157,中联重科,工程机械,主板,普通观察,64.3968,85.3676,82.0803,28.7384,4.6350,12.0786,0.8798,0.6047,0.7737,1.1946,0.8729,0.1180,1,有效,1.0000
601918,新集能源,煤炭开采加工,主板,普通观察,64.2852,71.1734,55.5995,67.0666,2.5719,12.0950,1.6189,0.1732,1.4529,9.7687,0.8814,-0.1056,0,有效,1.0000
002508,老板电器,厨卫电器,主板,普通观察,64.2606,67.2873,83.9607,41.9663,5.1680,13.9753,1.3511,0.5988,1.2723,1.7577,0.9996,0.0004,1,有效,1.0000
000848,承德露露,饮料制造,主板,普通观察,64.1974,72.3590,80.3782,41.0209,5.8824,12.1495,2.5113,0.6598,0.9832,1.9849,0.8079,0.1006,0,有效,1.0000
002454,松芝股份,汽车零部件,主板,普通观察,64.1626,52.0988,69.1466,69.5189,4.0184,19.4819,1.1194,0.4589,3.6636,7.9838,0.2452,1.4152,0,有效,1.0000
000883,湖北能源,电力,主板,普通观察,64.1592,68.8585,56.7901,67.5004,3.3040,14.9690,0.8235,0.3583,3.3063,5.9453,0.7242,0.3472,0,有效,1.0000
600028,中国石化,石油加工贸易,主板,价值陷阱复核,63.9936,64.8475,50.3612,76.8941,3.2362,17.7279,0.7554,0.5531,2.9686,5.3674,0.7881,-0.2356,2,有效,1.0000
601811,新华文轩,文化传媒,主板,普通观察,63.9019,41.0067,76.4822,70.9461,4.5455,18.3942,1.6408,0.3076,1.1473,3.7304,0.9791,0.0255,0,有效,1.0000
002283,天润工业,汽车零部件,主板,普通观察,63.8123,47.9620,77.2307,63.9797,4.3269,19.2388,1.3864,0.6751,2.3456,2.9946,0.8785,0.0782,0,有效,1.0000
002533,金杯电工,电网设备,主板,普通观察,63.7686,71.6177,81.0933,39.7160,3.6058,12.9037,1.7947,0.5566,0.6190,1.0753,0.9456,0.0607,1,有效,1.0000
002588,史丹利,农化制品,主板,普通观察,63.7171,86.3135,59.8807,48.1851,3.1563,8.7335,1.0873,0.3512,1.2010,3.4197,0.6704,0.5555,0,有效,1.0000
000933,神火股份,工业金属,主板,普通观察,63.6119,55.9567,64.5108,69.2747,2.9123,8.5290,2.1207,0.4160,1.8949,4.8930,0.9970,-0.0036,1,有效,1.0000
002746,仙坛股份,养殖业,主板,普通观察,63.6005,74.6299,65.3934,52.3538,4.9423,18.6370,1.1582,1.0436,1.4593,2.5540,0.7327,0.4142,1,有效,1.0000
002532,天山铝业,工业金属,主板,普通观察,63.3474,77.6525,73.6001,40.8333,3.3993,8.1777,1.7601,0.4141,1.6715,3.1900,0.5518,0.9095,0,有效,1.0000
601000,唐山港,港口航运,主板,普通观察,63.3324,57.3676,80.8239,50.9535,5.2083,12.7903,1.2729,0.5989,1.1843,1.9773,1.0000,0.0000,0,有效,1.0000
601607,上海医药,医药商业,主板,普通观察,63.2389,80.9646,54.4229,56.8616,2.6316,12.4386,0.7573,0.2290,1.2800,4.6944,0.9011,0.0716,0,有效,1.0000
000089,深圳机场,机场航运,主板,普通观察,63.1477,70.5297,46.8299,73.1380,2.2890,14.2297,1.1226,0.5555,3.4958,5.6119,0.8031,0.2649,0,有效,1.0000
601801,皖新传媒,文化传媒,主板,普通观察,63.0555,57.7759,66.6883,63.9480,4.5593,17.6528,0.9100,0.6381,1.5759,2.1494,0.8198,-0.0082,0,有效,1.0000
002001,新和成,化学制药,主板,普通观察,62.9858,68.0032,73.3830,48.2879,3.9698,10.8553,2.2319,0.4536,1.3006,3.2886,0.6870,0.4894,0,有效,1.0000
600350,山东高速,公路铁路运输,主板,普通观察,62.9731,35.7736,77.4624,71.7976,4.3077,15.5972,1.6431,0.6334,2.1403,3.3689,0.9994,-0.0006,0,有效,1.0000
002236,大华股份,计算机设备,主板,价值陷阱复核,62.8953,88.5329,65.3660,38.4494,2.9303,13.2235,1.2735,0.4675,0.9327,2.0290,0.9068,-0.1079,2,有效,1.0000
600004,白云机场,机场航运,主板,普通观察,62.8688,63.6918,55.8587,69.1734,3.0127,17.1314,0.9476,0.4013,3.6832,9.1775,0.4595,1.0383,0,有效,1.0000
601600,中国铝业,工业金属,主板,普通观察,62.8685,55.9719,53.2899,78.3583,2.2095,8.7761,1.8149,0.2313,2.6900,11.4438,0.5765,0.8369,0,有效,1.0000
002032,苏泊尔,小家电,主板,普通观察,62.8213,55.3104,74.1971,57.8835,5.9664,15.5544,6.2353,0.9980,1.1511,1.1540,0.9730,-0.0185,1,有效,1.0000
600295,鄂尔多斯,钢铁,主板,普通观察,62.7601,51.0546,72.7300,62.8234,5.6634,12.8813,1.6790,0.8292,2.2416,2.6885,0.8834,-0.0646,0,有效,1.0000
600368,五洲交通,公路铁路运输,主板,普通观察,62.7024,77.9184,58.3331,54.0293,3.5459,11.9682,0.9077,0.3020,1.5303,5.1264,0.7867,0.2995,0,有效,1.0000
600886,国投电力,电力,主板,普通观察,62.4773,40.5537,70.3248,73.4215,3.8727,16.9981,1.8275,0.5501,3.7117,6.7479,0.9508,0.0501,0,有效,1.0000
002555,三七互娱,游戏,主板,普通观察,62.2391,59.2295,71.1269,55.9310,4.3644,11.5548,2.6786,0.7812,1.1837,1.5617,0.9030,0.1200,0,有效,1.0000
603995,甬金股份,钢铁,主板,普通观察,62.1772,47.6661,72.8283,63.9643,4.4248,15.2283,1.5472,0.4025,2.0001,4.9692,0.7651,0.2631,0,有效,1.0000
000963,华东医药,化学制药,主板,普通观察,62.1126,71.3647,52.3739,63.9209,2.3574,13.6082,1.8508,0.4645,1.2435,2.6029,0.7972,0.2661,0,有效,1.0000
600428,中远海特,港口航运,主板,普通观察,62.0836,57.5075,72.3881,55.7014,4.5775,12.2902,1.6804,0.5002,2.7458,5.4891,0.7960,0.2943,0,有效,1.0000
000899,赣能股份,电力,主板,普通观察,61.7962,72.9922,77.4824,36.5134,5.7273,10.5415,1.4432,0.4509,2.1672,3.9434,0.5123,0.9378,0,有效,1.0000
000568,泸州老窖,白酒,主板,普通观察,61.7563,71.3170,85.7193,29.5983,4.9691,13.6032,2.2330,0.6500,0.8039,1.3396,0.9598,0.0341,0,有效,1.0000
600754,锦江酒店,旅游及酒店,主板,普通观察,61.6726,58.2343,44.8154,81.4767,2.0182,17.2690,1.1892,0.5854,3.9095,6.6784,0.9914,0.0082,0,有效,1.0000
601298,青岛港,港口航运,主板,普通观察,61.5449,58.4539,70.7027,55.0366,4.1415,12.6147,1.3876,0.3235,1.0526,3.0424,0.9318,0.0863,0,有效,1.0000
601991,大唐发电,电力,主板,普通观察,61.3084,52.3571,66.3097,63.9796,4.2407,11.6828,2.5776,0.1708,5.7972,33.9350,0.2027,3.4422,0,有效,1.0000
600578,京能电力,电力,主板,普通观察,61.2802,78.3256,59.1615,48.7885,3.3333,9.7565,1.3825,0.4592,3.5870,7.8106,0.7889,0.2724,0,有效,1.0000
600377,宁沪高速,公路铁路运输,主板,普通观察,61.2217,49.3868,73.0399,59.5477,4.0462,13.9383,1.5680,0.4064,1.4719,3.6164,0.9805,0.0211,0,有效,1.0000
603279,景津装备,通用设备,主板,价值陷阱复核,61.2073,78.3217,72.5691,35.1759,4.7421,15.1664,1.3539,0.7204,1.2267,1.7029,0.8739,-0.1315,2,有效,1.0000
601311,骆驼股份,电池,主板,普通观察,61.2004,73.7721,72.4438,39.1814,3.9258,14.6837,0.8661,0.5534,1.0083,1.9625,0.8742,0.1547,0,有效,1.0000
600894,广日股份,专用设备,主板,普通观察,61.1292,93.2629,66.8305,27.8847,5.4054,10.8559,0.7474,0.6178,0.5087,0.8235,0.5039,-0.0424,1,有效,1.0000
002441,众业达,电网设备,主板,价值陷阱复核,61.0858,67.0335,67.7979,49.2756,5.3191,20.8095,1.0125,0.9649,2.6211,1.8891,0.7429,0.2910,2,有效,1.0000
002233,塔牌集团,建筑材料,主板,普通观察,60.9956,62.2071,73.1113,47.8415,5.3274,18.7596,0.6695,0.8867,1.5797,1.6083,0.9581,-0.0200,1,有效,1.0000
603889,新澳股份,纺织制造,主板,普通观察,60.9530,70.3114,70.6051,43.2793,4.4025,10.5944,1.5080,0.5323,0.8739,1.6875,0.9258,0.0798,0,有效,1.0000
000791,甘肃能源,电力,主板,普通观察,60.8740,69.1157,59.5979,55.0859,3.5659,10.9892,1.4972,0.3551,2.5112,6.9050,0.5223,1.0586,0,有效,1.0000
600352,浙江龙盛,化学制品,主板,普通观察,60.8736,57.5461,53.8787,70.7207,2.8143,20.6626,1.2268,0.5336,3.1913,5.9805,0.7450,0.0954,0,有效,1.0000
601919,中远海控,港口航运,主板,普通观察,60.8691,83.3772,73.2655,29.1801,6.5876,9.3203,1.0666,0.3997,1.4117,3.5321,0.6934,0.1546,0,有效,1.0000
603605,珀莱雅,美容护理,主板,普通观察,60.8475,60.6902,63.8628,57.9671,2.9206,11.4479,3.2107,0.4270,1.2303,2.7934,0.7612,0.2410,0,有效,1.0000
300908,仲景食品,食品加工制造,创业板,普通观察,60.7809,50.5886,62.7738,67.5242,3.6101,17.9044,2.0297,0.7612,1.3004,1.5672,0.8340,0.2083,0,有效,1.0000
600012,皖通高速,公路铁路运输,主板,普通观察,60.7764,45.9045,80.7565,53.5436,4.4534,13.7353,2.0983,0.4098,1.5985,4.3179,0.9564,0.0479,0,有效,1.0000
601339,百隆东方,纺织制造,主板,普通观察,60.7032,67.0305,71.8049,44.1782,6.9085,13.0777,1.1724,0.9142,1.6580,1.8137,0.8149,0.1586,1,有效,1.0000
600600,青岛啤酒,饮料制造,主板,普通观察,60.6567,67.5832,70.0039,45.3725,3.8399,14.6744,2.1548,0.3591,1.0010,2.7559,0.9343,0.0840,0,有效,1.0000
002154,报喜鸟,服装家纺,主板,价值陷阱复核,60.6373,78.4170,52.7037,53.3311,4.4156,12.7901,1.1905,0.5228,1.6531,3.1621,0.7025,-0.1754,2,有效,1.0000
601088,中国神华,煤炭开采加工,主板,普通观察,60.5962,32.4205,91.3624,53.9807,4.9630,19.0050,2.2751,0.6627,1.5024,2.4064,0.9710,-0.0306,0,有效,1.0000
600511,国药股份,医药商业,主板,普通观察,60.5407,77.4150,59.7838,46.8338,2.7826,10.0975,1.0349,0.3018,1.0045,3.3226,0.9689,-0.0321,0,有效,1.0000
002946,新乳业,饮料制造,主板,普通观察,60.5109,48.9969,48.0645,82.8265,2.4285,15.3400,3.4688,0.4562,2.7734,6.0795,0.5841,0.7321,0,有效,1.0000
605338,巴比食品,食品加工制造,主板,普通观察,60.4605,72.9803,69.4168,40.7729,3.8314,15.2659,1.9289,0.6929,1.1437,1.1343,0.6036,0.6950,0,有效,1.0000
603706,东方环宇,燃气,主板,普通观察,60.1231,50.1036,71.0444,57.7900,4.6392,14.9213,1.8934,0.8631,1.9128,2.2161,1.0000,0.0000,1,有效,1.0000
603214,爱婴室,零售,主板,普通观察,60.0967,39.2400,55.2885,82.7821,2.2319,24.9228,1.6162,0.4713,3.8035,7.0271,0.9626,0.0461,1,有效,1.0000
600558,大西洋,通用设备,主板,普通观察,60.0562,51.2681,58.5604,69.0848,2.7869,21.3462,1.7572,0.5792,1.6598,2.8658,0.5632,0.7581,0,有效,1.0000
000429,粤高速A,公路铁路运输,主板,普通观察,60.0404,26.2418,86.3575,62.6935,5.1273,16.1042,2.4268,0.7000,2.0846,2.9780,0.9391,0.0508,0,有效,1.0000
000928,中钢国际,建筑装饰,主板,价值陷阱复核,60.0041,50.1969,59.1188,69.2956,3.1770,16.5336,0.8942,0.5136,1.8011,3.5851,0.8578,-0.1115,2,有效,1.0000
002033,丽江股份,旅游及酒店,主板,普通观察,59.9725,45.8748,62.3819,69.6469,3.8251,17.8570,1.7983,0.9009,1.7827,2.0155,1.0000,0.0000,1,有效,1.0000
000858,五粮液,白酒,主板,普通观察,59.9352,41.3283,77.7600,58.0592,4.8685,20.4029,2.2530,0.7001,1.3817,1.5220,0.9153,0.0507,1,有效,1.0000
002293,罗莱生活,服装家纺,主板,普通观察,59.9345,39.7551,67.3245,69.8412,6.0370,15.1937,2.1634,0.9946,1.9377,1.9483,0.8165,0.2446,1,有效,1.0000
603201,常润股份,通用设备,主板,普通观察,59.9244,74.4674,43.3021,64.0811,2.0557,14.5374,1.6258,0.3098,1.3338,4.3057,0.9407,-0.0518,0,有效,1.0000
002010,传化智联,物流,主板,普通观察,59.8804,58.1246,52.3663,68.8996,2.5818,23.8771,0.7000,0.7031,2.8908,6.0086,0.7980,0.2247,0,有效,1.0000
603551,奥普科技,厨卫电器,主板,普通观察,59.6914,51.1396,71.0789,55.6340,7.3339,13.2427,2.8056,1.0875,1.2703,1.1581,0.9770,0.0268,1,有效,1.0000
002352,顺丰控股,物流,主板,普通观察,59.6761,55.8167,40.5487,82.1116,2.3225,14.3141,1.5160,0.3796,3.1647,6.5292,0.5212,0.2086,0,有效,1.0000
000895,双汇发展,食品加工制造,主板,普通观察,59.6668,49.1181,73.7512,54.6243,5.4779,15.9440,3.8808,0.9842,1.4404,1.4635,0.9869,0.0000,1,有效,1.0000
301109,军信股份,环境治理,创业板,普通观察,59.6603,64.0414,77.1070,38.4584,4.3533,13.4884,1.3526,0.7181,1.8108,2.3542,0.8604,0.1675,0,有效,1.0000
601018,宁波港,港口航运,主板,普通观察,59.6445,66.9817,60.0623,52.9377,3.3058,13.2778,0.8317,0.4294,1.5753,4.1540,0.8881,0.1483,0,有效,1.0000
002773,康弘药业,生物制品,主板,普通观察,59.6441,52.8154,47.6581,77.4831,2.3357,20.6326,2.2346,0.4640,1.1852,2.5546,0.7606,0.3586,0,有效,1.0000
600897,厦门空港,机场航运,主板,普通观察,59.5702,68.7640,46.1156,65.1445,2.2093,12.8301,1.5200,0.3063,1.6282,5.2613,0.8469,0.2089,0,有效,1.0000
603948,建业股份,化学制品,主板,普通观察,59.4251,53.4125,73.4767,50.5271,3.6630,20.1055,1.5464,0.7066,1.3962,2.1763,1.0000,-0.0000,1,有效,1.0000
600887,伊利股份,饮料制造,主板,普通观察,59.3222,39.4087,76.9876,58.7255,4.8252,17.0204,3.2079,0.7548,1.7539,2.3942,0.9382,0.0689,0,有效,1.0000
688334,西高院,其他社会服务,科创板,普通观察,59.2000,37.6758,56.0504,80.7990,2.2521,22.2558,1.9037,0.5510,1.9315,3.8293,0.7883,0.3025,0,有效,1.0000
002415,海康威视,计算机设备,主板,普通观察,59.1815,48.5457,76.1097,51.3697,3.8539,17.9073,3.4890,0.5952,1.1782,2.0628,0.8015,0.1203,0,有效,1.0000
603939,益丰药房,医药商业,主板,普通观察,59.1196,37.6832,66.3952,70.2182,3.2228,15.8307,2.3451,0.5056,2.7616,5.3564,0.7904,0.2960,0,有效,1.0000
603111,康尼机电,轨交设备,主板,普通观察,59.0907,65.4896,75.0562,37.6404,4.3796,14.4658,1.3332,0.6053,1.1228,1.8549,0.8596,0.1880,0,有效,1.0000
600820,隧道股份,建筑装饰,主板,价值陷阱复核,58.9147,85.3323,48.5760,46.6097,3.0817,7.9925,0.5166,0.3523,1.0800,3.4860,0.7915,-0.2215,2,有效,1.0000
603369,今世缘,白酒,主板,普通观察,58.8613,71.0498,63.6655,43.6098,3.4503,13.7689,1.9726,0.4385,0.8402,1.9160,0.9168,0.0954,0,有效,1.0000
600863,华能蒙电,电力,主板,普通观察,58.7616,36.3818,78.0378,58.6681,4.9107,17.7591,1.8434,0.6023,2.6597,4.4161,0.8549,0.1948,0,有效,1.0000
600398,海澜之家,服装家纺,主板,价值陷阱复核,58.7545,62.5461,65.0100,49.2490,6.7769,13.0178,1.5144,0.9111,1.7719,1.9447,0.8463,-0.1443,3,有效,1.0000
002911,佛燃能源,燃气,主板,普通观察,58.7470,43.8903,61.7039,68.5244,4.2904,13.7527,3.2674,0.7019,1.9021,2.7098,0.5439,0.2985,0,有效,1.0000
002299,圣农发展,养殖业,主板,普通观察,58.7294,43.1191,60.9303,69.9088,3.0230,19.8245,1.6787,0.5582,3.4494,6.1798,0.7950,0.2924,0,有效,1.0000
603866,桃李面包,食品加工制造,主板,普通观察,58.7116,43.0985,66.1671,64.6388,3.8023,29.7555,1.3316,0.7660,1.9112,2.4949,0.8598,0.0541,1,有效,1.0000
600285,羚锐制药,中药,主板,普通观察,58.6547,50.5048,74.6366,49.6583,5.3114,13.5853,3.2799,0.7941,1.2122,1.7160,0.8644,0.1759,0,有效,1.0000
600406,国电南瑞,电网设备,主板,普通观察,58.6194,31.6819,69.2721,71.0561,2.7669,21.2377,3.4256,0.6001,1.5423,2.5702,0.9427,0.0715,0,有效,1.0000
603855,华荣股份,专用设备,主板,普通观察,58.6177,53.6180,80.3408,41.1800,5.1680,15.9224,2.4643,0.7321,1.1601,1.5889,0.9956,-0.0047,0,有效,1.0000
603233,大参林,医药商业,主板,普通观察,58.6082,38.5164,72.1277,62.3104,4.7106,14.8893,2.6922,0.7607,3.3958,5.6937,0.6374,0.6321,0,有效,1.0000
002152,广电运通,计算机设备,主板,普通观察,58.4881,38.4034,54.1669,80.0246,2.6792,27.1351,1.7943,0.5400,1.5381,2.5501,0.6878,0.3601,0,有效,1.0000
300705,九典制药,化学制药,创业板,普通观察,58.3962,59.1893,58.5562,57.5564,2.6702,15.6515,2.0881,0.3011,1.3685,3.8886,0.7701,0.3351,0,有效,1.0000
601333,广深铁路,公路铁路运输,主板,普通观察,58.3881,65.6710,56.2093,54.3242,2.9605,14.3367,0.7460,0.3732,2.4278,6.8046,0.8770,0.1339,0,有效,1.0000
603565,中谷物流,港口航运,主板,普通观察,58.3857,58.6787,69.6204,46.8998,6.6733,11.8970,2.1778,0.8805,1.4434,1.6393,0.9323,-0.0353,1,有效,1.0000
001218,丽臣实业,化学制品,主板,普通观察,58.3664,77.5949,45.2369,55.0144,2.4583,12.1215,1.3035,0.6084,1.6178,3.5838,0.8937,-0.0770,0,有效,1.0000
600017,日照港,港口航运,主板,普通观察,58.3596,50.5592,44.0244,79.3807,2.4167,18.4235,0.6093,0.4039,4.2799,9.9266,0.8834,0.0561,1,有效,1.0000
601928,凤凰传媒,文化传媒,主板,普通观察,58.3457,57.9775,85.4151,31.5920,4.9801,16.1693,1.0515,0.7088,0.8818,1.4455,1.0000,0.0000,1,有效,1.0000
603966,法兰泰克,专用设备,主板,普通观察,58.3000,57.3404,52.4554,64.9673,2.3529,16.1715,1.8226,0.5070,1.9180,4.0148,0.8718,0.1633,0,有效,1.0000
600587,新华医疗,医疗器械,主板,普通观察,58.2457,76.0811,45.7230,55.4809,2.4306,18.2608,0.9797,0.3568,1.3312,3.2997,0.8261,-0.0461,0,有效,1.0000
600989,宝丰能源,化学原料,主板,普通观察,58.1839,62.9486,64.5243,47.7594,3.5660,10.6989,2.9769,0.4485,1.4846,3.3100,0.6252,0.5744,0,有效,1.0000
603967,中创物流,物流,主板,普通观察,58.1800,55.4951,70.9868,47.6746,4.7342,14.0989,1.7764,0.8231,1.9092,2.3195,0.8931,0.1402,0,有效,1.0000
002375,亚厦股份,建筑装饰,主板,普通观察,58.1374,58.8678,63.7245,51.9243,3.3773,15.6501,0.6273,0.3003,0.8032,2.6747,0.3927,1.5298,0,有效,1.0000
600261,阳光照明,光学光电子,主板,普通观察,57.9004,62.1509,55.3830,56.7745,3.8576,30.8725,1.2861,0.9204,1.2657,1.3748,0.9646,0.0000,1,有效,1.0000
600566,济川药业,中药,主板,普通观察,57.6843,76.0690,76.3079,23.3024,6.6160,12.4742,1.6624,0.7590,0.8597,1.1327,0.8117,0.1559,1,有效,1.0000
605266,健之佳,医药商业,主板,价值陷阱复核,57.5907,47.0369,68.8917,55.3357,6.6077,19.0574,0.9719,1.2701,3.9724,6.1871,0.9343,0.0660,2,有效,1.0000
002249,大洋电机,电机,主板,普通观察,57.5887,49.1814,52.2713,70.1124,2.7156,17.6162,1.6223,0.6696,2.7863,3.8728,0.7927,0.2030,0,有效,1.0000
002818,富森美,零售,主板,价值陷阱复核,57.5152,83.6806,58.6224,33.9805,6.0306,9.6740,1.3928,1.0026,1.1818,1.0092,0.7951,-0.2124,3,有效,1.0000
002831,裕同科技,包装印刷,主板,普通观察,57.4950,33.0658,74.2408,61.6886,4.3276,22.4200,3.1467,0.6029,1.7190,2.4345,0.8669,0.1388,0,有效,1.0000
601886,江河集团,建筑装饰,主板,普通观察,57.4875,29.8181,69.5552,69.1364,6.1275,20.0631,2.0050,0.9283,2.5322,2.7277,0.6291,0.5811,1,有效,1.0000
688633,星球石墨,专用设备,科创板,普通观察,57.4276,69.9484,53.2839,50.8394,2.5338,15.0425,1.5555,0.3388,1.1122,2.7401,0.6191,0.4763,0,有效,1.0000
603326,我乐家居,家居用品,主板,普通观察,57.3993,46.2631,67.2906,57.0533,4.4944,18.4373,2.1108,0.7322,2.7524,2.8379,0.7610,0.2098,0,有效,1.0000
002039,黔源电力,电力,主板,普通观察,57.3819,61.2020,48.8175,62.6720,2.6968,11.5635,1.8071,0.3135,5.7616,18.3783,0.4679,0.6059,0,有效,1.0000
300470,中密控股,通用设备,创业板,普通观察,57.2013,60.3378,64.5838,47.1304,2.6596,16.8835,1.9079,0.5396,0.9025,1.5674,0.9929,0.0085,0,有效,1.0000
002483,润邦股份,专用设备,主板,普通观察,57.0395,64.3729,37.7937,69.9995,2.1008,16.5639,1.1484,0.5484,3.7254,10.1002,0.5365,0.2247,0,有效,1.0000
603080,新疆火炬,燃气,主板,普通观察,57.0207,66.0330,47.6283,58.6882,2.2015,12.9759,1.7204,0.4956,1.8299,5.2435,0.9287,0.0518,0,有效,1.0000
603788,宁波高发,汽车零部件,主板,普通观察,57.0009,59.4573,75.1232,36.7732,4.8960,14.8163,1.4925,0.8229,0.6286,0.7638,0.8834,0.1547,1,有效,1.0000
601216,君正集团,化学原料,主板,普通观察,56.9832,79.1629,65.4782,29.4769,7.8838,12.2259,1.3639,0.9665,0.8743,1.6130,0.6562,0.0897,1,有效,1.0000
000156,华数传媒,文化传媒,主板,价值陷阱复核,56.9656,47.0767,36.4324,85.9750,2.1136,30.9535,0.8732,0.6246,3.6328,5.8164,0.8664,-0.1472,2,有效,1.0000
000932,华菱钢铁,钢铁,主板,价值陷阱复核,56.7201,53.1268,40.6778,75.8423,2.8470,21.6727,0.4312,0.3380,2.5182,5.9959,0.6718,-0.1693,2,有效,1.0000
600572,康恩贝,中药,主板,普通观察,56.6986,44.5778,49.9786,73.8078,3.3632,21.5904,1.5233,0.8027,1.6268,2.4755,0.8608,-0.1306,1,有效,1.0000
301207,华兰疫苗,生物制品,创业板,普通观察,56.6925,37.8299,75.6750,53.8780,7.5148,58.3878,2.2022,0.5790,1.9524,2.4625,0.3223,0.5198,1,有效,1.0000
000411,英特集团,医药商业,主板,普通观察,56.5494,62.1020,59.9030,48.4364,2.7765,12.5853,1.0213,0.3806,0.7808,2.0516,0.8963,0.1214,1,有效,1.0000
000589,贵州轮胎,汽车零部件,主板,价值陷阱复核,56.5462,94.6528,40.5984,39.8310,2.5097,8.9012,0.7053,0.3271,1.2891,3.9707,0.7844,-0.1941,2,有效,1.0000
600529,山东药玻,医疗器械,主板,普通观察,56.5350,73.1026,46.9905,51.8786,2.3081,17.2991,1.3955,0.4363,1.2355,2.8316,0.8118,0.0724,0,有效,1.0000
601965,中国汽研,其他社会服务,主板,普通观察,56.5272,75.9165,49.5660,46.8690,2.0482,12.1382,1.6276,0.3792,1.0649,2.6895,0.9862,0.0148,0,有效,1.0000
002749,国光股份,农化制品,主板,普通观察,56.5225,41.8834,66.1894,59.4034,6.7517,17.5622,2.4534,1.1487,1.3222,1.0383,0.7656,0.3191,1,有效,1.0000
601101,昊华能源,煤炭开采加工,主板,价值陷阱复核,56.5213,41.5008,57.2263,68.6910,3.4916,22.4146,1.4580,0.6363,3.5146,5.4628,0.7592,-0.1548,2,有效,1.0000
600809,山西汾酒,白酒,主板,普通观察,56.3605,60.6966,70.6794,38.3250,3.8206,13.3613,3.5710,0.6039,0.7360,1.3552,0.8345,0.2252,1,有效,1.0000
600007,中国国贸,房地产,主板,普通观察,56.3526,42.7608,63.6168,60.7384,5.3986,17.0338,2.2034,0.8964,1.4229,1.4614,0.7127,0.1565,1,有效,1.0000
002215,诺普信,种植业与林业,主板,普通观察,56.3419,63.9486,53.4591,52.7047,2.8329,12.1259,2.0282,0.6018,2.2685,4.2123,0.6836,0.4087,0,有效,1.0000
002275,桂林三金,中药,主板,普通观察,56.2926,40.1035,66.2590,60.2026,3.5461,17.4261,2.1726,0.6783,1.3037,1.6688,0.9168,-0.0871,0,有效,1.0000
600132,重庆啤酒,饮料制造,主板,普通观察,56.2866,36.0846,57.1294,72.7598,4.7856,15.5209,11.3846,1.0139,2.2807,2.1885,0.9338,-0.0551,1,有效,1.0000
603237,五芳斋,食品加工制造,主板,价值陷阱复核,56.2353,46.4354,41.0760,79.7943,2.9976,23.3510,1.6594,0.8026,2.1633,2.6954,0.8224,-0.1621,2,有效,1.0000
000028,国药一致,医药商业,主板,普通观察,56.1369,87.9042,35.5098,49.5350,2.5081,11.0188,0.6283,0.3018,1.8366,7.7607,0.7555,-0.0482,1,有效,1.0000
603367,辰欣药业,化学制药,主板,普通观察,56.0520,79.4723,37.8479,54.1815,2.0092,14.1024,1.0088,0.3787,1.1071,2.8655,0.8959,-0.1066,1,有效,1.0000
601800,中国交建,建筑装饰,主板,价值陷阱复核,56.0444,90.2558,38.1688,44.5960,2.3754,7.5865,0.3245,0.1530,0.5348,3.4956,0.8155,-0.1846,3,有效,1.0000
000729,燕京啤酒,饮料制造,主板,普通观察,55.9839,64.3111,52.4611,52.3690,2.6714,15.4243,1.8050,0.5036,2.1837,4.7598,0.5841,0.7321,0,有效,1.0000
300770,新媒股份,文化传媒,创业板,普通观察,55.9406,55.8626,70.1635,41.7846,6.6022,13.0750,2.1632,0.9660,0.8835,1.2160,0.8177,0.2235,1,有效,1.0000
002328,新朋股份,汽车零部件,主板,普通观察,55.9347,53.5099,49.5329,64.4149,2.1483,15.8391,1.8205,0.7120,2.8710,5.4020,0.9590,0.0451,1,有效,1.0000
300406,九强生物,医疗器械,创业板,普通观察,55.6375,31.7376,80.4170,51.3436,9.1813,30.6688,2.0058,0.4345,1.1407,2.6250,0.2822,1.4404,1,有效,1.0000
002507,涪陵榨菜,食品加工制造,主板,普通观察,55.6272,68.8735,63.7660,36.1343,3.2533,17.3638,1.4357,0.6063,0.8557,1.3561,0.8511,0.1832,0,有效,1.0000
300009,安科生物,生物制品,创业板,普通观察,55.4959,48.7737,57.2191,59.5345,2.6123,19.8290,3.2632,0.5681,1.1248,2.0667,0.9991,-0.0004,0,有效,1.0000
603195,公牛集团,家居用品,主板,普通观察,55.4626,36.3796,79.7942,47.4879,4.6534,16.5006,4.5201,0.7259,1.1653,1.3810,0.9116,0.1148,0,有效,1.0000
000423,东阿阿胶,中药,主板,普通观察,55.3684,42.0000,66.0639,56.1316,5.5126,16.2178,2.8494,0.9983,1.6973,1.7042,0.8327,0.2316,1,有效,1.0000
000828,东莞控股,公路铁路运输,主板,普通观察,55.3421,67.2120,74.7983,25.7116,4.4145,12.2416,0.9930,0.5169,1.4372,2.7802,0.8336,0.2089,0,有效,1.0000
600976,健民集团,中药,主板,价值陷阱复核,55.0621,79.0441,47.9999,41.5682,2.6810,12.8758,1.5115,0.3812,0.6468,1.6969,0.8586,-0.1340,3,有效,1.0000
601001,晋控煤业,煤炭开采加工,主板,价值陷阱复核,55.0242,51.8170,69.4029,43.3945,4.1597,16.9486,1.4872,0.4500,1.6986,3.3981,0.8462,-0.1679,2,有效,1.0000
002101,广东鸿图,汽车零部件,主板,普通观察,54.9976,57.5968,42.6646,65.1027,2.0455,19.5620,0.7180,0.5009,2.7078,5.4065,0.8954,-0.1138,1,有效,1.0000
002170,芭田股份,农化制品,主板,普通观察,54.9957,55.2467,77.5243,32.2520,5.9934,9.6584,2.6670,0.6598,1.3392,2.0297,0.3388,1.3013,0,有效,1.0000
600750,华润江中,中药,主板,普通观察,54.9670,39.1260,73.1420,50.3700,5.9560,16.1846,3.5802,0.9671,1.0708,1.1072,0.9412,0.0352,1,有效,1.0000
002061,浙江交科,建筑装饰,主板,普通观察,54.9592,75.0348,54.5037,38.2071,2.7638,10.1333,0.5465,0.2548,0.8387,3.2913,0.9465,-0.0484,1,有效,1.0000
603303,得邦照明,光学光电子,主板,价值陷阱复核,54.9129,21.5795,72.0497,66.3475,7.3778,67.7130,4.3167,0.9965,2.0865,1.6912,0.6242,0.6769,2,有效,1.0000
002727,一心堂,医药商业,主板,价值陷阱复核,54.8951,44.7384,45.8791,72.6170,3.1104,23.0236,0.8368,0.8718,6.2005,8.8730,0.8625,-0.0185,2,有效,1.0000
600662,外服控股,其他社会服务,主板,普通观察,54.7285,59.0241,59.7929,45.9820,2.9880,14.3564,1.8255,0.5066,1.2145,2.4077,0.7240,0.0742,0,有效,1.0000
603299,苏盐井神,化学原料,主板,价值陷阱复核,54.7194,56.4406,48.4079,59.5556,2.4184,23.3330,1.0234,0.4503,1.6679,3.7041,0.8470,-0.1491,2,有效,1.0000
600283,钱江水利,环境治理,主板,普通观察,54.6607,42.9499,54.0144,65.3447,2.7322,20.5374,1.3676,0.6489,1.9374,4.1614,0.7196,0.4092,0,有效,1.0000
601985,中国核电,电力,主板,普通观察,54.6581,29.5838,46.9512,83.8574,2.0809,25.4874,1.5666,0.3969,4.0594,11.1037,0.9972,0.0014,0,有效,1.0000
603277,银都股份,通用设备,主板,普通观察,54.5825,37.7291,74.0999,49.5108,4.1592,21.6971,2.5000,0.8233,1.1754,1.4973,0.9914,0.0106,0,有效,1.0000
688616,西力科技,电网设备,科创板,普通观察,54.4825,48.0094,60.4799,54.0333,2.4530,19.4872,2.2608,0.5098,1.4652,2.8804,0.9168,0.0954,0,有效,1.0000
600026,中远海能,港口航运,主板,普通观察,54.4763,27.8767,56.4600,75.2921,3.2534,16.5190,2.3054,0.3697,2.1439,5.7994,0.8901,0.1422,0,有效,1.0000
601677,明泰铝业,工业金属,主板,普通观察,54.4544,87.7640,48.1023,32.2552,2.1298,8.2802,0.9880,0.1202,0.4941,3.6723,0.6111,0.5564,1,有效,1.0000
002043,兔宝宝,建筑材料,主板,普通观察,54.4388,50.4286,53.8812,58.4338,2.8591,13.8384,2.8676,0.6610,1.9689,2.5582,0.8455,-0.1394,1,有效,1.0000
002014,永新股份,包装印刷,主板,普通观察,54.4248,53.4639,71.3138,38.3596,4.6141,15.4477,2.7173,0.8118,0.9865,1.2152,0.9424,0.0000,0,有效,1.0000
688016,心脉医疗,医疗器械,科创板,普通观察,54.4231,53.3661,61.6080,48.1443,2.5093,18.0973,2.4273,0.4935,1.0173,2.0612,0.9430,0.0584,0,有效,1.0000
003816,中国广核,电力,主板,普通观察,54.4171,32.1964,49.4381,78.4425,2.2872,21.4235,1.7190,0.3448,3.0882,8.9574,0.9561,-0.0435,0,有效,1.0000
601872,招商轮船,港口航运,主板,普通观察,54.3956,30.5759,61.6135,67.5945,3.5635,14.8061,3.4289,0.4061,1.6596,4.0869,0.8736,0.1546,0,有效,1.0000
000581,威孚高科,汽车零部件,主板,价值陷阱复核,54.3883,74.3831,66.8161,24.8221,3.8797,14.4048,0.8653,0.6546,0.9294,1.4566,0.8631,-0.1080,2,有效,1.0000
600535,天士力,中药,主板,普通观察,54.3544,57.3933,32.1322,73.9719,2.0571,16.7848,1.5698,0.4603,2.1082,3.0764,0.7453,-0.0308,0,有效,1.0000
002287,奇正藏药,中药,主板,普通观察,54.3074,49.7729,56.8401,55.6613,2.6627,16.5409,2.1457,0.5460,1.1253,2.0393,0.8628,0.1858,0,有效,1.0000
603317,天味食品,食品加工制造,主板,普通观察,54.2779,45.5433,66.9039,49.1386,4.3930,17.3454,3.1011,0.9358,1.3133,1.4034,0.8578,0.1717,1,有效,1.0000
688558,国盛智科,通用设备,科创板,普通观察,54.2270,28.8696,57.4615,72.7274,2.5925,26.2774,2.5919,0.6142,1.3462,2.6647,0.8342,0.2233,0,有效,1.0000
603508,思维列控,计算机设备,主板,普通观察,54.2025,71.6404,67.6090,25.8491,9.4339,13.6863,1.8937,1.0000,0.8002,0.8002,0.5196,0.8625,1,有效,1.0000
002007,华兰生物,生物制品,主板,普通观察,54.1591,50.8860,72.1429,38.9807,6.6094,29.4227,2.1665,0.3703,0.9336,2.4531,0.2886,0.8246,1,有效,1.0000
002479,富春环保,电力,主板,普通观察,54.1451,64.1345,32.4870,67.2409,2.0408,14.6247,1.1200,0.5381,3.1342,5.5070,0.8232,-0.1835,1,有效,1.0000
603198,迎驾贡酒,白酒,主板,普通观察,54.1106,49.4647,72.3700,39.8335,3.7917,14.8525,2.8272,0.4635,0.7365,1.5892,0.9342,0.0742,1,有效,1.0000
300219,鸿利智汇,光学光电子,创业板,普通观察,54.1031,38.9888,45.5843,75.5770,2.7739,38.4665,1.8498,0.3342,4.0231,7.2736,0.2799,0.4142,1,有效,1.0000
001206,依依股份,美容护理,主板,普通观察,54.0666,52.0738,52.2555,57.5859,2.5581,23.0257,1.7049,0.7629,1.5532,1.7020,0.8798,0.0835,0,有效,1.0000
603811,诚意药业,化学制药,主板,普通观察,53.8788,41.7452,62.8440,55.3137,2.8571,17.9356,2.2439,0.4019,1.1957,2.8555,0.8345,0.2247,0,有效,1.0000
002690,美亚光电,专用设备,主板,普通观察,53.8385,26.3376,64.2487,67.0006,3.4030,18.4816,5.2516,0.8588,1.3379,1.4212,0.9990,0.0011,1,有效,1.0000
002833,弘亚数控,专用设备,主板,价值陷阱复核,53.7794,37.5217,62.4862,59.0078,5.4979,18.1928,2.7439,0.8628,1.1899,1.6286,0.7798,-0.1340,3,有效,1.0000
300230,永利股份,塑料制品,创业板,普通观察,53.7733,50.6581,62.9936,47.2231,3.8703,20.5116,1.1142,0.2704,1.4761,2.6314,0.6082,0.2160,1,有效,1.0000
601158,重庆水务,环境治理,主板,价值陷阱复核,53.7304,45.3242,51.1708,63.4953,2.8412,23.1159,1.1197,0.7537,2.3040,3.0917,0.8670,-0.1331,2,有效,1.0000
601163,三角轮胎,汽车零部件,主板,价值陷阱复核,53.6990,91.7940,45.9331,28.8121,2.7992,11.2289,0.6970,0.3839,0.9366,2.7012,0.7933,-0.2273,2,有效,1.0000
600177,雅戈尔,服装家纺,主板,价值陷阱复核,53.6042,75.2443,71.3375,17.3223,5.7895,13.4882,0.9132,0.8252,0.5585,0.6686,0.9378,-0.0653,2,有效,1.0000
002228,合兴包装,包装印刷,主板,普通观察,53.5271,42.8507,40.6629,75.5425,3.4632,47.1040,1.3163,1.7951,4.9957,2.6853,0.8476,0.1507,1,有效,1.0000
002083,孚日股份,纺织制造,主板,普通观察,53.3507,47.9294,45.8844,65.4639,2.5210,14.9499,1.8107,0.6352,1.9449,3.0618,0.5657,0.8667,0,有效,1.0000
603100,川仪股份,通用设备,主板,普通观察,53.3174,64.0556,47.4337,49.9971,2.2174,15.6001,1.9343,0.3982,0.9489,2.3296,0.9437,-0.0600,0,有效,1.0000
002267,陕天然气,燃气,主板,普通观察,53.2493,60.5393,40.4360,59.8140,2.6560,16.6098,1.1601,0.6129,1.9347,2.7988,0.6756,-0.1835,1,有效,1.0000
601512,中新集团,房地产,主板,价值陷阱复核,53.2091,81.1557,35.1846,47.2793,2.3556,12.9883,0.8172,0.3009,1.3322,4.4271,0.7091,-0.1188,2,有效,1.0000
605009,豪悦护理,美容护理,主板,价值陷阱复核,53.1852,63.2681,53.5329,44.1950,2.7508,22.7232,1.5990,0.6716,1.5077,2.2451,0.8401,-0.1683,2,有效,1.0000
003012,东鹏控股,家居用品,主板,普通观察,53.1412,50.1785,56.4159,52.4061,3.8168,33.1494,0.7287,0.7966,2.4846,3.1190,0.8971,-0.1009,1,有效,1.0000
003000,劲仔食品,食品加工制造,主板,普通观察,53.1182,43.3229,67.8882,46.7441,3.5119,17.4339,2.9945,0.6408,1.5211,2.0829,0.8735,0.1489,0,有效,1.0000
601369,陕鼓动力,专用设备,主板,价值陷阱复核,53.1178,43.5254,57.4167,57.0410,3.0969,21.7859,1.6146,0.7143,1.2587,1.7622,0.8502,-0.1090,2,有效,1.0000
002404,嘉欣丝绸,服装家纺,主板,普通观察,53.1002,39.4456,58.9179,58.9864,4.2796,19.3269,1.6765,0.9330,2.5081,2.6883,1.0000,0.0000,1,有效,1.0000
603199,九华旅游,旅游及酒店,主板,普通观察,53.0795,49.0851,42.9936,66.5891,2.0947,15.8834,2.0610,0.4046,1.4677,3.6601,0.9359,-0.0127,0,有效,1.0000
600356,恒丰纸业,造纸,主板,普通观察,53.0449,64.2697,41.3323,55.1364,2.1640,15.9884,1.1167,0.3095,1.4376,4.7895,0.7499,0.2378,0,有效,1.0000
002867,周大生,服装家纺,主板,价值陷阱复核,52.9373,65.5146,77.3640,17.7300,7.3892,11.3718,1.7534,0.8855,0.4206,0.4750,0.9747,-0.0267,2,有效,1.0000
600956,新天绿能,电力,主板,普通观察,52.7484,47.4144,56.8117,53.2571,2.7586,18.6352,1.2945,0.2578,2.2249,9.5794,0.9693,-0.0358,0,有效,1.0000
600993,马应龙,中药,主板,普通观察,52.6545,54.0305,47.9326,56.1970,2.5000,15.9327,2.1561,0.5061,1.0326,1.9899,0.7788,0.3229,0,有效,1.0000
605098,行动教育,教育,主板,普通观察,52.4623,29.6308,70.8026,53.6918,5.9866,17.3698,5.9961,0.9685,1.4877,1.4956,0.8641,0.1834,1,有效,1.0000
603167,渤海轮渡,港口航运,主板,普通观察,52.4535,41.3689,62.8777,51.5303,9.5440,17.2967,1.1303,1.5223,1.8300,1.2336,0.7774,0.3031,1,有效,1.0000
688366,昊海生科,医疗器械,科创板,普通观察,52.4195,37.7455,51.4610,65.9557,2.2779,45.1451,1.2989,0.4541,1.5426,3.3968,0.8549,0.1767,1,有效,1.0000
688187,时代电气,轨交设备,科创板,普通观察,52.3166,65.7464,45.9230,47.1990,2.1837,14.2387,1.3892,0.2347,0.9102,4.0740,0.8544,0.1983,0,有效,1.0000
603919,金徽酒,白酒,主板,普通观察,52.3037,24.3973,48.9217,79.6053,2.4486,29.7033,2.3589,0.6400,1.3689,2.2462,0.8928,0.1293,0,有效,1.0000
000538,云南白药,中药,主板,普通观察,52.2080,41.4759,67.5549,46.0600,4.5842,17.1669,2.1878,0.9009,0.8925,0.9907,0.9084,0.1193,1,有效,1.0000
002027,分众传媒,文化传媒,主板,价值陷阱复核,52.1868,24.7666,66.7030,61.1737,4.6133,19.6962,4.8002,0.9873,1.5906,1.4681,0.9859,0.0150,2,有效,1.0000
600066,宇通客车,汽车整车,主板,普通观察,52.1742,55.5377,67.2278,34.2376,7.6453,10.6291,4.4940,0.9965,1.7518,1.4203,0.7429,0.2910,1,有效,1.0000
600216,浙江医药,化学制药,主板,普通观察,52.0464,78.2335,37.3650,44.2817,2.0202,14.5303,1.0045,0.3072,1.4764,4.3974,0.6648,0.3638,0,有效,1.0000
300196,长海股份,建筑材料,创业板,普通观察,52.0108,32.4222,60.3246,60.4872,3.0907,23.2934,1.5167,0.2937,1.6299,5.5493,0.5109,0.7219,0,有效,1.0000
002390,信邦制药,中药,主板,价值陷阱复核,51.7941,41.4350,37.9334,74.5339,2.7950,50.3753,0.8407,1.1223,6.0899,5.5805,0.7994,0.2215,2,有效,1.0000
002282,博深股份,通用设备,主板,普通观察,51.7772,59.6458,38.4482,58.3616,2.0408,23.4024,0.8934,0.5495,1.2621,1.9920,0.8662,-0.0158,0,有效,1.0000
301376,致欧科技,家居用品,创业板,普通观察,51.7732,33.3872,36.2611,83.0448,2.2136,22.9238,2.5460,0.4774,6.8769,15.4105,0.7954,-0.1064,1,有效,1.0000
600546,山煤国际,煤炭开采加工,主板,价值陷阱复核,51.7611,56.8812,56.4563,42.6774,3.5183,16.9444,1.4867,0.6030,1.6491,4.6442,0.7356,-0.2610,2,有效,1.0000
000521,长虹美菱,白色家电,主板,价值陷阱复核,51.7583,42.9579,48.9063,62.1536,3.2061,86.2875,0.7520,0.4860,2.8171,6.7089,0.8093,-0.1726,2,有效,1.0000
301087,可孚医疗,医疗器械,创业板,普通观察,51.7434,30.0108,64.3549,57.7599,4.0295,30.5778,2.2490,0.9901,1.8722,1.8120,0.8228,0.2269,1,有效,1.0000
605599,菜百股份,服装家纺,主板,普通观察,51.7024,65.7130,72.5737,18.8221,4.7648,9.2676,2.3282,0.7703,0.9776,1.2691,0.9536,0.0556,0,有效,1.0000
002223,鱼跃医疗,医疗器械,主板,普通观察,51.6918,49.6947,62.1519,42.9435,2.6171,22.7583,1.9151,0.4440,1.0059,2.2653,0.8910,0.1183,1,有效,1.0000
600982,宁波能源,电力,主板,普通观察,51.6687,52.1384,70.0810,32.8537,3.9170,16.7648,1.3786,0.5461,1.7717,3.2441,0.9398,0.0646,0,有效,1.0000
603766,隆鑫通用,汽车服务及其他,主板,普通观察,51.5364,30.5297,67.0257,54.0530,4.3451,18.6490,3.1899,0.7326,1.8927,2.5836,0.3876,1.6458,0,有效,1.0000
603871,嘉友国际,物流,主板,普通观察,51.5273,57.5351,57.6294,40.2758,2.8674,12.3296,2.5829,0.4788,0.9914,2.0704,0.7383,0.2532,0,有效,1.0000
002895,川恒股份,农化制品,主板,普通观察,51.3317,48.1605,75.4029,29.9786,4.9100,14.1422,2.4549,0.7030,0.6894,0.9807,0.6887,0.4228,1,有效,1.0000
605337,李子园,饮料制造,主板,普通观察,51.3018,37.8293,61.2753,52.8763,3.9529,21.3516,2.1767,0.8657,1.6104,1.8602,0.9660,-0.0359,1,有效,1.0000
300729,乐歌股份,家居用品,创业板,普通观察,51.2700,51.4746,42.7182,59.6464,2.2043,25.0845,1.0720,0.3048,1.9590,6.5532,0.9031,-0.0947,1,有效,1.0000
688517,金冠电气,电网设备,科创板,普通观察,51.1412,13.5054,63.5296,71.0121,3.1430,43.9380,3.3413,0.8186,1.7699,2.1718,0.9454,-0.0121,0,有效,1.0000
601816,京沪高铁,公路铁路运输,主板,普通观察,51.1166,36.1004,49.5752,65.5289,2.6000,16.8745,1.0977,0.4746,1.6098,3.4697,0.9240,0.0935,0,有效,1.0000
603856,东宏股份,建筑材料,主板,普通观察,51.0092,75.0209,45.6746,35.7624,2.1492,13.1843,1.1944,0.3008,1.1901,3.9568,0.7929,0.2445,0,有效,1.0000
300979,华利集团,纺织制造,创业板,普通观察,50.9974,34.5811,63.1653,52.9005,4.1824,15.8735,2.5590,0.6989,1.1673,1.7201,0.7437,0.3229,0,有效,1.0000
002035,华帝股份,厨卫电器,主板,价值陷阱复核,50.9763,52.5522,52.6806,47.9213,3.2258,20.1743,1.0623,0.5522,1.7805,3.2242,0.8232,-0.1835,2,有效,1.0000
603309,维力医疗,医疗器械,主板,普通观察,50.9677,27.7519,73.3673,48.4674,3.6792,56.5893,1.8215,0.7615,1.3959,2.0914,0.9981,-0.0022,1,有效,1.0000
600388,紫金龙净,环保设备,主板,普通观察,50.8929,36.9181,45.4013,68.3628,2.3299,19.2616,2.1600,0.4282,2.6213,6.1211,0.6889,0.4980,0,有效,1.0000
600507,方大特钢,钢铁,主板,普通观察,50.8255,79.7576,55.6830,21.1689,3.3956,12.3486,0.9291,0.3384,0.8626,2.5488,0.3886,0.3935,0,有效,1.0000
300910,瑞丰新材,化学制品,创业板,普通观察,50.8030,52.3698,58.4022,41.8607,2.6525,13.7761,2.8350,0.5914,1.0141,1.7147,0.9046,0.0817,0,有效,1.0000
603053,成都燃气,燃气,主板,普通观察,50.7955,47.2412,63.2820,41.3556,3.1250,16.9717,1.5880,0.5456,1.3472,2.4614,1.0000,0.0000,0,有效,1.0000
002852,道道全,农产品加工,主板,普通观察,50.6701,29.8555,58.8363,60.3451,2.8057,42.5933,1.3423,0.5541,17.8773,32.2627,0.8744,0.1599,0,有效,1.0000
000650,仁和药业,中药,主板,价值陷阱复核,50.5396,56.7030,47.8252,47.9711,2.6870,18.2293,1.1049,0.4936,1.1563,2.6537,0.8586,-0.1340,2,有效,1.0000
600519,贵州茅台,白酒,主板,普通观察,50.5132,31.0674,62.8252,54.8692,3.7745,18.9672,6.1475,0.7900,0.8911,1.0606,0.9847,0.0177,0,有效,1.0000
605077,华康股份,化学制品,主板,普通观察,50.5060,40.4828,64.4697,45.1335,3.3829,31.5368,1.1479,0.5644,1.6677,2.8008,0.9616,-0.0394,1,有效,1.0000
603338,浙江鼎力,工程机械,主板,普通观察,50.4909,37.4189,46.3596,65.8266,2.0304,14.4906,2.2591,0.3066,1.1767,3.7850,0.9327,0.0724,0,有效,1.0000
000807,云铝股份,工业金属,主板,普通观察,50.4431,56.0570,42.8941,53.1802,2.1285,8.3675,2.4055,0.3223,1.4842,4.8861,0.5672,0.7433,0,有效,1.0000
002879,长缆科技,电网设备,主板,普通观察,50.4028,40.3008,57.2530,52.2114,2.6925,27.4059,1.7896,0.6412,1.7006,3.4326,0.5749,0.4289,0,有效,1.0000
603444,吉比特,游戏,主板,普通观察,50.3032,55.6019,67.7822,28.2825,4.6243,10.8024,3.9961,0.7594,1.3214,1.9879,0.5606,0.6700,0,有效,1.0000
600425,青松建化,建筑材料,主板,普通观察,50.2785,54.4334,59.0024,37.9932,2.4038,19.9715,0.9039,0.4537,0.9699,2.7558,1.0000,0.0000,1,有效,1.0000
601921,浙版传媒,文化传媒,主板,普通观察,50.1385,61.8080,63.1342,27.1403,4.0921,13.3622,1.1538,0.5743,0.6614,1.1959,0.8854,-0.0942,1,有效,1.0000
603566,普莱柯,养殖业,主板,普通观察,50.1166,42.2844,46.9640,59.9823,4.8270,24.2018,1.3889,1.3848,1.9262,1.7369,0.7765,-0.0786,1,有效,1.0000
002216,三全食品,食品加工制造,主板,普通观察,49.9441,58.1418,74.1571,18.7046,5.1373,16.7008,2.2977,0.5866,0.8914,0.9653,0.7482,0.0698,1,有效,1.0000
300641,正丹股份,化学制品,创业板,普通观察,49.8890,39.6648,74.2247,34.3169,4.5326,21.0885,2.1259,0.5887,1.5545,2.6404,0.3160,5.3246,0,有效,1.0000
000623,吉林敖东,中药,主板,普通观察,49.7856,99.3066,51.0187,6.1059,2.5602,6.5017,0.6430,0.3809,0.0466,0.1007,0.9037,-0.0961,1,有效,1.0000
600900,长江电力,电力,主板,普通观察,49.6516,23.3325,65.4182,56.4442,3.6778,19.1814,3.2129,0.7100,1.8356,2.5851,0.9184,0.1043,0,有效,1.0000
600031,三一重工,工程机械,主板,普通观察,49.6421,34.3820,52.3692,59.9952,2.3190,17.6569,1.7035,0.4914,2.3757,4.8350,0.6920,0.4895,0,有效,1.0000
600188,兖矿能源,煤炭开采加工,主板,价值陷阱复核,49.5271,31.4205,56.3688,58.2055,3.8023,18.0807,2.5151,0.3394,1.7394,5.6307,0.6707,-0.3397,2,有效,1.0000
601019,山东出版,文化传媒,主板,价值陷阱复核,49.4702,79.3246,43.8713,29.4796,3.3565,12.3496,0.9072,0.5094,1.0193,2.0722,0.6823,-0.2804,2,有效,1.0000
605377,华旺科技,造纸,主板,价值陷阱复核,49.4267,57.1750,58.0467,34.1653,5.1522,17.8858,1.1245,0.8608,1.1007,1.2787,0.8001,-0.1803,3,有效,1.0000
603883,老百姓,医药商业,主板,普通观察,49.3980,32.3087,44.2398,69.2042,2.7703,22.7086,1.4010,0.7818,3.9041,9.3361,0.8525,0.0316,1,有效,1.0000
689009,九号公司,汽车服务及其他,科创板,普通观察,49.3082,32.2632,55.5698,57.6565,2.9848,17.3919,3.6053,0.6828,3.0934,4.1888,0.4396,1.4499,0,有效,1.0000
600660,福耀玻璃,汽车零部件,主板,普通观察,49.1936,38.9423,64.3524,42.8216,3.2422,16.3150,3.6233,0.4626,1.2945,2.8660,0.8096,0.2710,0,有效,1.0000
603648,畅联股份,物流,主板,普通观察,49.1890,23.9031,53.8536,66.1980,2.9358,27.7136,1.9096,0.8306,2.1472,2.5921,0.9364,-0.0438,0,有效,1.0000
002461,珠江啤酒,饮料制造,主板,普通观察,49.1737,52.9765,43.3197,51.7683,2.0452,19.0572,1.6291,0.4644,1.3139,2.8414,0.8319,0.2329,0,有效,1.0000
000030,富奥股份,汽车零部件,主板,价值陷阱复核,49.1722,83.7577,42.0637,26.6358,2.6132,11.4039,0.8017,0.3815,0.6949,1.8214,0.7429,-0.2254,2,有效,1.0000
601058,赛轮轮胎,汽车零部件,主板,普通观察,49.1251,67.9958,38.3486,43.7266,2.0396,11.2863,1.9181,0.3076,1.1863,3.8512,0.6947,0.3933,0,有效,1.0000
600182,S佳通,汽车零部件,主板,普通观察,49.1140,22.4688,51.0363,70.0304,3.7574,20.1791,3.9430,0.9833,2.5271,2.5699,0.5518,0.4530,1,有效,1.0000
003011,海象新材,家居用品,主板,普通观察,49.0996,42.3344,39.7173,64.2806,2.7223,28.6945,1.4857,0.6136,4.7862,4.2134,0.5929,-0.1822,1,有效,1.0000
603998,方盛制药,中药,主板,普通观察,49.0562,57.8283,68.4870,22.1065,4.0036,13.4554,2.5350,0.5159,0.7639,1.7759,0.8486,0.1134,1,有效,1.0000
600025,华能水电,电力,主板,普通观察,48.9688,21.4323,49.4979,72.0424,2.2577,22.0291,2.6057,0.4339,2.2339,4.9874,0.9328,0.0857,0,有效,1.0000
603708,家家悦,零售,主板,普通观察,48.9181,23.5008,41.9359,77.6866,2.6205,27.8601,2.3261,0.8999,8.7236,9.6935,0.7619,0.2644,1,有效,1.0000
000739,普洛药业,化学制药,主板,普通观察,48.7177,8.3952,69.9057,62.0918,3.6039,36.1977,4.6845,0.4000,1.1723,2.7912,0.7273,0.3446,0,有效,1.0000
601089,福元医药,化学制药,主板,普通观察,48.6747,46.3137,49.7265,49.6466,2.0833,19.8219,2.0595,0.4808,1.1374,2.3656,0.9980,-0.0021,0,有效,1.0000
300193,佳士科技,通用设备,创业板,普通观察,48.6742,57.0937,59.9722,30.1593,3.3520,20.8745,1.6096,0.7463,0.9275,1.2428,0.8716,-0.1336,1,有效,1.0000
605319,无锡振华,汽车零部件,主板,普通观察,48.5480,38.2678,56.0528,49.8547,2.5190,16.6438,2.7141,0.3900,1.2411,3.5421,0.8870,0.1472,0,有效,1.0000
002327,富安娜,服装家纺,主板,价值陷阱复核,48.5042,56.1246,53.6042,36.8723,5.7377,14.6807,1.4509,0.9542,1.3390,1.4084,0.7837,-0.2317,3,有效,1.0000
002823,凯中精密,电机,主板,普通观察,48.4988,40.6421,49.8074,53.9246,2.6618,18.5448,2.0018,0.5993,2.2706,3.3456,0.4582,1.4512,0,有效,1.0000
002416,爱施德,零售,主板,价值陷阱复核,48.4778,20.2159,59.7168,61.4633,3.9746,55.3445,2.0896,1.0656,5.5597,6.4199,0.8990,0.1180,2,有效,1.0000
600548,深高速,公路铁路运输,主板,价值陷阱复核,48.4512,41.3480,32.8261,70.1648,2.7727,18.4562,0.8886,0.3801,3.2464,8.5094,0.7009,-0.2556,2,有效,1.0000
301175,中科环保,环境治理,创业板,普通观察,48.4366,31.8427,54.9959,56.1006,2.7073,19.9113,2.1652,0.6169,2.0206,3.2756,0.8131,0.2649,0,有效,1.0000
001308,康冠科技,光学光电子,主板,价值陷阱复核,48.3341,62.2119,67.2103,17.5626,4.6021,29.0045,1.6187,0.3212,0.2022,0.6294,0.4453,0.2807,2,有效,1.0000
001323,慕思股份,家居用品,主板,价值陷阱复核,48.2895,45.1840,70.0430,29.1978,5.5855,21.8177,1.8725,0.8975,1.4212,1.5836,0.7818,0.2543,2,有效,1.0000
002959,小熊电器,小家电,主板,普通观察,48.2700,53.3740,62.4193,29.7457,3.0784,17.9916,1.9121,0.5136,1.0607,2.0652,0.8925,0.0401,0,有效,1.0000
002847,盐津铺子,食品加工制造,主板,普通观察,48.2284,53.1294,42.9295,49.3264,2.0495,14.4541,5.5123,0.5813,1.3129,2.3967,0.8417,0.1358,0,有效,1.0000
603281,江瀚新材,化学制品,主板,普通观察,48.2117,39.5531,70.0202,33.8247,3.6036,24.3487,1.8897,0.6128,1.0371,1.4442,0.9888,-0.0136,1,有效,1.0000
000788,北大医药,化学制药,主板,普通观察,48.2015,18.4909,64.5077,57.3614,3.2406,84.7408,2.1366,0.3493,2.7469,7.2936,0.2912,1.7596,0,有效,1.0000
601952,苏垦农发,种植业与林业,主板,价值陷阱复核,48.1906,32.6485,39.9278,69.7753,2.3026,25.1069,1.6702,0.5096,2.8281,5.5837,0.8561,-0.1633,2,有效,1.0000
300978,东箭科技,汽车零部件,创业板,普通观察,48.1880,18.1394,47.0313,75.1006,3.1898,29.8608,2.3706,0.9835,2.0986,2.1338,0.7316,0.4142,1,有效,1.0000
000923,河钢资源,钢铁,主板,普通观察,48.1618,30.6244,56.2833,55.0722,2.8342,57.2850,1.0373,0.5765,1.8954,3.4671,0.9168,0.0000,1,有效,1.0000
605056,咸亨国际,通用设备,主板,普通观察,48.0061,35.7306,49.5869,56.9472,2.3636,21.5116,3.2054,0.6385,2.1615,3.5128,0.6464,0.6089,0,有效,1.0000
002478,常宝股份,钢铁,主板,价值陷阱复核,47.9344,60.5056,38.9619,46.1316,2.3613,15.6889,0.9527,0.3223,1.3159,3.5493,0.8503,-0.1583,2,有效,1.0000
603128,华贸物流,物流,主板,价值陷阱复核,47.9302,61.7861,62.4214,21.5625,3.6721,14.5106,1.0869,0.7007,0.5011,0.7152,0.8446,-0.1761,3,有效,1.0000
605507,国邦医药,化学制药,主板,普通观察,47.8564,52.3791,54.4112,37.4249,2.4194,19.7858,1.6645,0.4085,0.8437,2.1086,0.7153,0.4184,0,有效,1.0000
002763,汇洁股份,服装家纺,主板,价值陷阱复核,47.7427,16.3136,68.6911,53.7336,15.2355,41.4797,1.8810,0.9015,2.7101,2.5359,0.2689,0.6583,2,有效,1.0000
002332,仙琚制药,化学制药,主板,普通观察,47.6807,45.3909,74.2189,23.1053,3.3296,21.9923,1.4234,0.6600,1.0037,1.3434,1.0000,0.0000,1,有效,1.0000
603568,伟明环保,环境治理,主板,普通观察,47.4661,49.7695,46.8531,46.1047,2.3641,15.7599,1.8547,0.3007,1.1332,3.1400,0.6692,0.5565,0,有效,1.0000
688355,明志科技,通用设备,科创板,普通观察,47.4368,25.7648,54.6015,58.8481,2.8090,39.9715,1.9857,0.9297,2.9014,3.4656,0.8967,0.1212,1,有效,1.0000
003008,开普检测,其他社会服务,主板,普通观察,47.2225,22.8636,54.5502,60.7740,4.6404,25.8292,1.9852,1.1792,1.3827,1.1725,0.5123,1.0817,1,有效,1.0000
600872,中炬高新,食品加工制造,主板,普通观察,47.2163,44.3820,53.9976,42.8643,2.5641,18.6979,2.3292,0.3644,1.1973,2.7444,0.9590,0.0515,1,有效,1.0000
002322,理工能科,软件开发,主板,价值陷阱复核,47.2148,46.0032,56.7362,38.7319,5.0791,19.2893,1.5396,0.9979,1.3640,1.0867,0.8531,-0.1667,2,有效,1.0000
603676,卫信康,化学制药,主板,普通观察,47.1204,28.8128,70.0163,39.9167,3.1084,20.2252,2.5333,0.6025,1.1266,1.9442,0.9259,0.0677,0,有效,1.0000
002003,伟星股份,纺织制造,主板,普通观察,47.1092,20.0770,64.7354,52.6533,4.7170,19.6723,2.9862,0.9191,1.5563,1.8647,0.9480,0.0611,1,有效,1.0000
000700,模塑科技,汽车零部件,主板,普通观察,47.0751,25.6939,48.6549,63.8220,2.2726,22.2842,2.7126,0.4778,1.9256,4.0299,0.8221,0.2272,0,有效,1.0000
300750,宁德时代,电池,创业板,普通观察,47.0177,39.6469,40.7143,59.6388,2.1685,15.6129,3.4983,0.4828,1.9113,3.8220,0.5171,0.9876,0,有效,1.0000
300039,上海凯宝,中药,创业板,普通观察,46.9553,50.4920,48.1027,42.7765,2.1559,20.8339,1.2572,0.3190,0.8283,2.6668,0.8714,0.1402,0,有效,1.0000
300864,南大环境,环境治理,创业板,普通观察,46.9427,13.7011,72.2457,50.1325,4.3103,25.7260,3.0141,0.8031,0.9962,1.1773,0.9651,0.0403,0,有效,1.0000
002271,东方雨虹,建筑材料,主板,价值陷阱复核,46.8845,28.4928,59.3764,50.1569,6.8065,153.5848,1.2131,19.5072,31.3788,1.4278,0.6273,0.2247,2,有效,1.0000
603351,威尔药业,化学制药,主板,普通观察,46.7456,34.1261,48.8840,55.4238,2.3059,23.7784,2.0606,0.3700,1.5148,2.9594,0.7122,0.4142,0,有效,1.0000
601567,三星电气,电网设备,主板,普通观察,46.7441,38.6072,56.3260,44.1368,2.7367,33.0059,1.6607,0.5512,0.9987,2.0092,0.8367,-0.0156,1,有效,1.0000
600508,上海能源,煤炭开采加工,主板,价值陷阱复核,46.7138,43.7833,50.6252,45.3142,2.5489,35.4196,0.8236,0.4040,1.7838,4.4156,0.8658,-0.1446,2,有效,1.0000
600674,川投能源,电力,主板,普通观察,46.5720,40.3545,64.2676,34.2057,3.5971,17.3988,1.8001,0.4431,0.1605,0.3130,0.8912,0.1180,1,有效,1.0000
002734,利民股份,农化制品,主板,普通观察,46.5633,40.9866,33.2946,64.6121,2.8231,18.1302,2.1838,1.1372,4.5949,2.5102,0.6024,0.7343,1,有效,1.0000
002117,东港股份,包装印刷,主板,普通观察,46.4257,29.9904,42.0865,64.8523,2.1723,24.9658,2.9858,0.8628,1.5838,1.4755,0.9327,0.0704,1,有效,1.0000
603877,太平鸟,服装家纺,主板,价值陷阱复核,46.2692,40.3653,28.0499,69.5490,2.0647,27.8466,1.2590,0.7291,3.3287,4.5657,0.7120,-0.2933,2,有效,1.0000
601199,江南水务,环境治理,主板,普通观察,46.2663,55.3984,45.4494,39.2556,2.1544,17.0395,1.2847,0.3024,0.8841,2.9233,0.9093,0.0742,0,有效,1.0000
688697,纽威数控,通用设备,科创板,普通观察,46.2536,19.0051,70.9287,44.9344,2.9259,26.3886,5.1288,0.6170,0.8335,1.3479,0.9768,0.0247,0,有效,1.0000
601958,金钼股份,小金属,主板,普通观察,46.0963,33.8042,56.7175,46.0112,2.5674,17.7240,3.0129,0.4164,1.1206,2.6909,1.0000,0.0000,0,有效,1.0000
301331,恩威医药,中药,创业板,普通观察,45.9785,16.1758,64.6978,52.8044,3.8956,75.0234,2.1749,0.6325,2.1047,1.5390,0.3997,0.3863,1,有效,1.0000
600415,小商品城,零售,主板,普通观察,45.9765,46.5337,59.2937,32.1818,3.1348,13.0869,2.6597,0.5887,1.4612,2.4819,0.6423,0.5810,0,有效,1.0000
300743,天地数码,计算机设备,创业板,普通观察,45.9439,35.8117,50.0963,50.4762,2.9122,19.5345,3.6330,0.8954,1.3371,1.4933,0.7574,0.3585,1,有效,1.0000
603298,杭叉集团,工程机械,主板,普通观察,45.8891,42.0610,49.2681,45.7913,2.2582,12.5294,2.3535,0.3254,0.7684,2.1427,0.7948,0.2961,1,有效,1.0000
000537,绿发电力,电力,主板,普通观察,45.8227,46.1871,38.1757,53.1575,2.0097,31.4938,0.7542,0.4098,2.7607,6.8246,0.9196,-0.0444,0,有效,1.0000
688606,奥泰生物,医疗器械,科创板,普通观察,45.8206,57.1799,63.9593,17.9454,3.1304,25.3698,0.9379,0.7054,0.9382,1.3301,0.7113,0.1557,0,有效,1.0000
002318,久立特材,钢铁,主板,普通观察,45.7910,33.1075,62.6332,39.8202,3.4542,15.9333,2.1330,0.6174,1.1818,1.9427,0.7074,0.4523,0,有效,1.0000
603017,中衡设计,建筑装饰,主板,普通观察,45.7280,18.6538,50.7532,63.9093,3.1588,48.3128,1.8821,0.7765,3.5997,2.5016,0.5675,0.0738,1,有效,1.0000
300415,伊之密,专用设备,创业板,普通观察,45.6990,60.8159,48.7166,29.7240,2.3024,13.0018,2.6892,0.3861,0.5890,1.5581,0.8366,0.2246,1,有效,1.0000
301219,腾远钴业,能源金属,创业板,普通观察,45.5453,79.4864,50.1846,11.8138,2.9291,9.8503,1.5116,0.5285,0.8399,1.5894,0.5311,0.1621,0,有效,1.0000
601126,四方股份,电网设备,主板,普通观察,45.4415,12.6835,49.1106,69.8505,2.3936,35.1936,6.3243,0.7962,1.7527,2.0905,0.9163,0.0960,0,有效,1.0000
300515,三德科技,通用设备,创业板,普通观察,45.4167,49.6772,39.3889,47.7928,2.0346,15.9298,3.5612,0.4373,1.2161,2.8923,0.6275,0.6609,0,有效,1.0000
301303,真兰仪表,通用设备,创业板,普通观察,45.4091,60.1276,55.7543,22.4480,2.5099,18.3567,1.6702,0.4462,0.5160,1.1564,0.8299,0.2329,1,有效,1.0000
603288,海天味业,食品加工制造,主板,普通观察,45.3848,13.7353,61.7422,56.1556,3.6737,26.3159,4.9256,0.7525,1.1005,1.4330,0.6927,0.4366,0,有效,1.0000
001965,招商公路,公路铁路运输,主板,价值陷阱复核,45.3113,55.4445,53.0661,28.8711,3.7004,14.4219,0.9891,0.5352,1.3379,2.5105,0.8472,-0.1634,2,有效,1.0000
002081,金螳螂,建筑装饰,主板,价值陷阱复核,45.1906,30.5136,73.3173,29.6442,3.8012,32.2653,0.9269,0.4883,0.7440,1.3828,0.8714,0.1402,2,有效,1.0000
605183,确成股份,橡胶制品,主板,普通观察,45.1830,47.3515,40.0321,48.4751,2.0080,17.1726,1.8428,0.3331,1.0823,3.4432,0.8830,0.0735,0,有效,1.0000
002970,锐明技术,计算机设备,主板,普通观察,45.0509,29.2028,43.2178,60.4682,2.0619,25.8118,3.4033,0.6105,1.4533,2.3805,0.7011,0.4574,0,有效,1.0000
002887,绿茵生态,环境治理,主板,普通观察,44.9960,39.1596,64.3187,30.6759,3.2051,25.3893,1.1794,0.7560,0.9902,1.3813,0.9116,0.0955,0,有效,1.0000
002991,甘源食品,食品加工制造,主板,价值陷阱复核,44.9878,64.0916,41.1174,32.4834,2.7992,16.0712,2.0215,0.7001,0.8702,1.2912,0.7634,-0.1452,2,有效,1.0000
300272,开能健康,小家电,创业板,价值陷阱复核,44.9422,19.7663,39.7737,71.6902,2.4064,124.1226,2.8917,1.2845,4.1492,3.2302,0.8971,0.1186,2,有效,1.0000
300130,新国都,计算机设备,创业板,普通观察,44.8084,41.0059,41.6611,51.2151,2.1637,22.0427,2.2636,0.7260,1.5010,3.0231,0.7986,-0.0471,1,有效,1.0000
002521,齐峰新材,造纸,主板,价值陷阱复核,44.8004,55.7945,47.5448,32.6324,3.2452,20.2769,0.8832,0.9769,1.6939,1.7339,0.7890,0.2363,2,有效,1.0000
000419,通程控股,零售,主板,普通观察,44.6885,59.1220,44.4498,32.5556,2.0344,24.2838,0.8144,0.5427,1.0672,1.9667,0.9065,0.0408,0,有效,1.0000
300259,新天科技,通用设备,创业板,普通观察,44.6474,49.1169,43.4868,41.9771,2.4775,23.6473,1.5180,0.4989,0.9302,1.6631,0.7820,-0.0458,0,有效,1.0000
603170,宝立食品,食品加工制造,主板,普通观察,44.6147,29.3638,64.3902,37.9115,3.0812,19.7226,3.6306,0.6702,1.0278,1.5336,0.9339,0.0832,0,有效,1.0000
300529,健帆生物,医疗器械,创业板,普通观察,44.5774,35.4011,50.7825,46.2376,2.6436,22.7079,3.5703,0.7553,1.3536,1.7911,0.7077,0.1401,0,有效,1.0000
603639,海利尔,农化制品,主板,价值陷阱复核,44.5605,40.7298,40.0364,52.3681,2.3622,34.6331,1.0149,0.5765,2.0189,3.9417,0.7931,-0.2145,2,有效,1.0000
300628,亿联网络,通信设备,创业板,普通观察,44.3056,29.2777,69.1168,32.3756,5.0491,17.5491,5.4977,0.8792,0.8964,1.0195,0.8725,0.1359,1,有效,1.0000
688571,杭华股份,化学制品,科创板,普通观察,44.2282,27.1705,38.4812,64.5961,2.0134,31.4196,2.1075,0.5818,1.4904,2.5659,0.8607,0.0151,0,有效,1.0000
688208,道通科技,计算机设备,科创板,普通观察,44.2096,37.0551,60.9915,33.5602,2.9348,19.1299,4.5483,0.7653,1.1663,1.8729,0.4855,1.0152,0,有效,1.0000
002315,焦点科技,互联网电商,主板,普通观察,44.1894,21.0915,51.7566,56.4205,2.8409,21.9689,3.7255,0.8190,1.6814,2.0231,0.8894,0.1412,0,有效,1.0000
300206,理邦仪器,医疗器械,创业板,普通观察,44.1554,46.4856,54.3441,31.9694,2.4316,19.0469,3.0396,0.5898,1.1546,1.9575,0.7971,0.2257,0,有效,1.0000
601006,大秦铁路,公路铁路运输,主板,价值陷阱复核,44.0353,62.8903,59.3751,12.5340,4.2963,15.3571,0.5634,0.5808,1.0307,1.7985,0.8098,-0.2007,2,有效,1.0000
002626,金达威,食品加工制造,主板,普通观察,44.0109,18.3307,38.1196,71.9139,2.0294,37.0615,2.3610,0.7134,1.6358,2.2856,0.7176,0.4122,0,有效,1.0000
603132,金徽股份,工业金属,主板,普通观察,43.9076,12.6108,54.1978,60.4432,2.9312,25.8098,5.3131,0.8110,1.6760,2.0135,0.8601,-0.1076,1,有效,1.0000
001219,青岛食品,食品加工制造,主板,普通观察,43.8234,35.1204,49.4259,45.6807,2.4561,22.5072,2.3346,0.6001,0.9415,1.5911,0.8335,0.2315,0,有效,1.0000
300685,艾德生物,医疗器械,创业板,普通观察,43.7909,27.8730,43.3004,57.9253,2.1994,24.2127,4.3249,0.4609,1.1424,2.9103,0.6017,0.7070,0,有效,1.0000
603579,荣泰健康,小家电,主板,价值陷阱复核,43.7685,52.5791,36.5310,43.4539,2.1000,20.2108,1.3007,0.6612,1.1597,1.7539,0.8760,-0.1398,2,有效,1.0000
603556,海兴电力,电网设备,主板,价值陷阱复核,43.7575,67.9580,37.0316,29.7400,2.1978,16.3078,1.5912,0.5282,0.8837,2.0581,0.7996,-0.1515,2,有效,1.0000
600236,桂冠电力,电力,主板,普通观察,43.5973,22.9663,63.2677,41.6107,3.7420,18.7908,3.9997,0.7077,2.4553,3.0125,0.8164,0.2104,0,有效,1.0000
000088,盐田港,港口航运,主板,普通观察,43.5459,43.1872,66.1384,21.2610,4.3820,16.1474,1.3301,0.7004,0.2794,0.4178,0.8283,0.1401,1,有效,1.0000
300832,新产业,医疗器械,创业板,普通观察,43.4313,34.3420,45.1364,49.5169,2.1333,22.6853,4.3425,0.5586,0.8577,1.6186,0.8932,0.0941,0,有效,1.0000
600985,淮北矿业,煤炭开采加工,主板,价值陷阱复核,43.4197,46.0417,28.3515,56.2404,2.2502,24.9917,1.0141,0.4327,2.0934,4.8382,0.5323,-0.5000,2,有效,1.0000
603105,芯能科技,电力,主板,普通观察,43.3866,14.7121,46.3992,64.9522,2.1763,36.9321,2.1319,0.4981,2.0046,4.0242,0.8714,0.1547,0,有效,1.0000
600348,华阳股份,煤炭开采加工,主板,价值陷阱复核,43.2749,67.7978,39.3555,26.1746,2.8692,15.8722,1.1406,0.5011,1.5676,3.1287,0.4973,-0.4255,2,有效,1.0000
002393,力生制药,化学制药,主板,普通观察,43.2746,46.7643,72.2791,11.2788,4.1456,28.1901,0.9529,0.4861,0.5528,1.0705,0.5663,0.4462,1,有效,1.0000
600563,法拉电子,元件,主板,普通观察,43.0283,20.8668,48.0457,57.0064,2.1915,21.6317,4.2768,0.4341,1.0985,2.4999,0.9327,0.0724,0,有效,1.0000
603886,元祖股份,食品加工制造,主板,价值陷阱复核,43.0130,17.2587,49.5741,58.5271,4.2949,42.1485,2.3562,0.9648,1.9168,2.2070,0.7824,-0.2254,3,有效,1.0000
002605,姚记科技,游戏,主板,普通观察,42.9944,51.4607,28.7079,50.0241,2.1459,16.0587,1.8252,0.4467,1.0591,2.3709,0.7060,-0.2515,1,有效,1.0000
001368,通达创智,家居用品,主板,普通观察,42.8682,11.6812,54.0721,58.3960,3.0513,42.2414,3.0026,0.8847,1.3897,1.5708,0.9697,-0.0319,1,有效,1.0000
002601,龙佰集团,化学原料,主板,价值陷阱复核,42.8329,26.7087,38.6637,60.8228,3.0644,49.5745,1.5275,0.9889,1.7510,1.7708,0.8210,-0.1863,3,有效,1.0000
002557,洽洽食品,食品加工制造,主板,价值陷阱复核,42.7728,51.4099,72.5520,5.5903,4.6253,19.2695,1.8288,0.7610,0.5223,0.8360,0.8732,-0.0051,2,有效,1.0000
603700,宁水集团,通用设备,主板,普通观察,42.7712,42.5113,40.8380,44.9272,2.2075,34.2991,1.4448,0.6368,1.4086,2.0967,0.8270,0.0008,1,有效,1.0000
300003,乐普医疗,医疗器械,创业板,普通观察,42.5881,50.1258,40.8345,37.8808,2.0588,27.2486,1.2805,0.6237,1.5768,1.6164,0.9209,-0.0104,1,有效,1.0000
600787,中储股份,物流,主板,普通观察,42.5779,43.4280,32.1817,52.2456,2.0107,31.1905,0.7160,0.3549,1.8971,4.9517,0.7622,-0.0627,1,有效,1.0000
300898,熊猫乳品,饮料制造,创业板,普通观察,42.5016,26.6873,47.9832,50.5751,2.2280,24.3799,2.5254,0.6888,1.6899,2.3715,0.9168,0.0954,0,有效,1.0000
603733,仙鹤股份,造纸,主板,普通观察,42.4266,64.5586,55.9551,9.9278,2.8962,13.3370,1.6148,0.3722,0.4006,1.1392,0.7107,0.4326,1,有效,1.0000
002372,伟星新材,建筑材料,主板,价值陷阱复核,42.2461,41.5409,49.2636,35.8331,4.3145,15.3137,2.7908,0.9549,1.2044,1.2166,0.7675,-0.2500,3,有效,1.0000
002311,海大集团,农产品加工,主板,普通观察,42.0185,26.2600,45.2568,52.2873,2.3474,20.9893,2.8760,0.4063,1.7754,4.3694,0.6510,0.6049,0,有效,1.0000
000596,古井贡酒,白酒,主板,普通观察,41.9940,46.2135,46.2073,34.1639,3.3182,22.9354,1.8907,0.5749,0.8569,1.4906,0.8527,-0.0112,1,有效,1.0000
002832,比音勒芬,服装家纺,主板,价值陷阱复核,41.9796,21.6822,60.0859,41.2711,4.8128,23.0114,2.6598,0.6266,1.2552,2.2707,0.7235,-0.1515,2,有效,1.0000
603006,联明股份,物流,主板,普通观察,41.6754,23.7998,60.8512,37.8215,5.3354,27.4515,2.1388,1.5329,2.1823,1.1326,0.6049,0.5811,1,有效,1.0000
002871,伟隆股份,通用设备,主板,普通观察,41.5951,15.4671,49.2674,56.3183,2.2222,35.3064,3.9473,0.6557,1.1065,1.5969,0.8229,0.2488,0,有效,1.0000
603235,天新药业,化学制药,主板,普通观察,41.4837,37.1175,43.2229,43.4870,2.0393,19.8342,2.2027,0.4544,1.0639,2.6295,0.8694,0.0473,0,有效,1.0000
300452,山河药辅,化学制药,创业板,普通观察,41.3895,38.9146,53.1619,31.7384,2.2422,17.1302,3.0642,0.3953,0.9909,2.2750,0.9168,0.0955,0,有效,1.0000
600167,联美控股,电力,主板,价值陷阱复核,41.3359,42.8371,29.8073,51.5778,2.1337,25.2320,1.0758,0.5202,1.7906,3.3713,0.6814,-0.1359,2,有效,1.0000
300306,远方信息,通用设备,创业板,价值陷阱复核,41.2779,25.3458,51.6472,44.5645,2.7055,40.2265,1.9512,0.9319,1.2409,1.3316,0.9082,0.1136,2,有效,1.0000
688358,祥生医疗,医疗器械,科创板,普通观察,41.2056,29.4653,60.6288,31.8455,2.9236,27.9924,2.3687,0.7962,0.9199,1.0861,0.9082,0.0500,1,有效,1.0000
688580,伟思医疗,医疗器械,科创板,普通观察,41.1384,38.2513,41.1101,43.6415,2.2355,24.0518,2.4018,0.7500,1.1600,1.5448,0.8681,0.0067,0,有效,1.0000
300119,瑞普生物,养殖业,创业板,普通观察,41.0773,39.3836,48.7721,34.8343,2.1311,22.0297,1.6294,0.4535,0.9042,2.2165,0.8683,-0.0093,0,有效,1.0000
688389,普门科技,医疗器械,科创板,普通观察,40.7494,24.5814,48.7902,46.5670,2.1726,33.9966,2.3222,0.3661,0.9247,2.4536,0.9979,0.0022,1,有效,1.0000
605368,蓝天燃气,燃气,主板,价值陷阱复核,40.7116,43.6206,52.5840,26.3457,5.1813,20.0514,1.3969,1.0136,1.1861,1.1554,0.6908,-0.3033,3,有效,1.0000
301371,敷尔佳,美容护理,创业板,价值陷阱复核,40.5899,40.6356,55.0066,26.1340,3.3770,23.3310,1.9348,0.9077,0.9224,1.0161,0.8077,0.0198,2,有效,1.0000
600499,科达制造,家居用品,主板,价值陷阱复核,40.5793,80.6530,34.7369,12.0728,2.1629,11.4871,1.6018,0.3692,0.5537,1.4996,0.7916,-0.0390,2,有效,1.0000
600681,百川能源,燃气,主板,价值陷阱复核,40.5364,42.4783,39.2874,40.1210,3.4722,21.3853,1.2830,0.9877,1.8149,2.0885,0.7568,-0.2681,3,有效,1.0000
605099,共创草坪,家居用品,主板,普通观察,40.4775,41.3343,52.6980,27.5225,2.3256,15.9332,3.5374,0.5010,0.9453,1.8868,0.8183,0.2433,0,有效,1.0000
603112,华翔股份,白色家电,主板,普通观察,40.3178,50.7628,48.5111,23.1716,2.4295,17.0104,1.9928,0.4085,0.7413,2.0624,0.7970,0.2865,1,有效,1.0000
002993,奥海科技,消费电子,主板,普通观察,40.2960,20.7384,46.9465,50.4093,2.7454,39.0777,1.9409,0.7740,1.4028,2.4897,0.7973,0.1471,0,有效,1.0000
688612,威迈斯,汽车零部件,科创板,普通观察,40.2658,16.1971,45.4058,55.7561,2.0018,24.2756,3.8688,0.5027,1.4889,3.0136,0.9623,0.0450,0,有效,1.0000
001328,登康口腔,美容护理,主板,普通观察,40.2305,15.9069,46.4206,54.8892,2.1530,26.5721,3.5584,0.8012,1.1234,1.4022,0.8911,0.1435,0,有效,1.0000
003017,大洋生物,化学原料,主板,普通观察,40.2184,37.7913,33.7026,48.8144,2.0094,21.5249,1.9623,0.5047,1.6034,3.0067,0.6682,-0.0886,0,有效,1.0000
603291,联合水务,环境治理,主板,普通观察,39.7865,14.2148,44.1425,57.3490,2.0747,38.9723,2.0932,0.5222,2.0976,3.6313,0.8825,0.1547,1,有效,1.0000
000795,英洛华,金属新材料,主板,普通观察,39.6481,9.3419,49.0048,56.2681,2.6379,38.8679,3.4569,0.5495,2.3621,4.2989,0.3002,2.0945,0,有效,1.0000
000554,泰山石油,石油加工贸易,主板,普通观察,39.4603,39.1653,42.9454,36.2279,2.2777,17.3389,2.4394,0.4570,1.5441,4.8712,0.4371,1.5281,0,有效,1.0000
001230,劲旅环境,环境治理,主板,普通观察,39.4412,40.7669,46.0803,31.6658,2.2487,19.8581,1.7825,0.3014,0.5934,1.7062,0.7563,0.3014,1,有效,1.0000
603586,金麒麟,汽车零部件,主板,普通观察,39.3642,27.0598,53.9049,35.3702,2.8826,59.7116,1.2210,0.7907,1.6395,2.4755,0.8664,0.1055,0,有效,1.0000
300481,濮阳惠成,电子化学品,创业板,普通观察,39.3054,28.2183,55.7464,32.3676,2.5806,32.1034,1.6255,0.6095,1.2879,2.1132,0.9964,-0.0038,1,有效,1.0000
002303,美盈森,包装印刷,主板,普通观察,39.2705,24.4944,39.8499,51.3563,3.6228,47.7850,2.3249,1.0152,1.5448,1.6586,0.2767,0.0598,1,有效,1.0000
002469,三维化学,化学原料,主板,价值陷阱复核,39.1237,35.1589,57.8161,23.8297,3.5928,38.4351,1.5262,0.9882,1.0834,1.0964,0.8586,0.0000,2,有效,1.0000
001216,华瓷股份,家居用品,主板,普通观察,39.1176,11.9890,48.4750,53.0131,2.2689,41.7427,3.3867,0.4914,1.3019,3.0776,0.7827,0.3156,0,有效,1.0000
601566,九牧王,服装家纺,主板,普通观察,39.1139,30.9053,47.1604,38.1033,3.8139,32.6952,1.3926,0.9758,1.5106,1.5440,0.7429,0.2910,1,有效,1.0000
603259,药明康德,医疗服务,主板,普通观察,39.1120,17.8170,47.3515,49.1252,2.5146,22.5007,5.8510,0.2601,1.3128,5.0591,0.5769,0.5031,0,有效,1.0000
603699,纽威股份,通用设备,主板,普通观察,39.0630,34.1431,59.7763,22.5668,3.0979,20.0183,7.3689,0.7798,0.9619,1.6110,0.5899,0.7768,0,有效,1.0000
603587,地素时尚,服装家纺,主板,价值陷阱复核,38.8382,43.4986,33.0788,40.6031,2.9940,19.2605,1.5805,0.7714,1.4241,1.8461,0.6940,-0.2962,2,有效,1.0000
603075,热威股份,白色家电,主板,普通观察,38.8352,22.1233,46.8630,45.1318,3.2051,24.6302,3.9237,0.8719,1.0862,1.2457,0.8486,0.1869,1,有效,1.0000
000655,金岭矿业,钢铁,主板,普通观察,38.8314,40.8812,46.9246,28.9811,2.3789,18.1565,1.2128,0.5019,1.0768,2.1455,0.7525,0.3723,0,有效,1.0000
603726,朗迪集团,白色家电,主板,普通观察,38.7207,38.3307,43.5934,34.1822,2.2727,17.3827,2.8531,0.5755,1.0171,1.7675,0.8402,0.1782,0,有效,1.0000
300760,迈瑞医疗,医疗器械,创业板,价值陷阱复核,38.3309,23.5669,42.6054,46.7113,2.2998,24.5032,4.7511,0.6515,1.0654,1.6354,0.8535,-0.1310,2,有效,1.0000
301362,民爆光电,光学光电子,创业板,普通观察,38.2014,10.4366,42.0752,58.1260,3.4864,116.5889,6.3151,0.8480,1.1306,1.2867,0.7947,-0.2250,1,有效,1.0000
001210,金房能源,电力,主板,普通观察,38.1410,4.1275,47.6607,57.7757,2.6270,44.0757,4.1982,0.5250,4.7933,8.9298,0.2021,2.6000,0,有效,1.0000
605028,世茂能源,电力,主板,普通观察,37.9786,11.2135,54.9841,43.9146,3.0467,33.6179,2.9859,0.7454,1.3400,1.7977,0.8373,0.2247,0,有效,1.0000
603511,爱慕股份,服装家纺,主板,价值陷阱复核,37.8574,40.6571,16.6350,56.6800,2.3886,30.1653,1.2093,0.9955,2.9756,2.9716,0.6558,-0.3011,3,有效,1.0000
603379,三美股份,化学制品,主板,普通观察,37.6298,43.6161,48.7361,21.3923,2.5033,14.0102,3.5290,0.4502,1.0484,2.5962,0.2300,1.5708,0,有效,1.0000
600817,宇通重工,环保设备,主板,价值陷阱复核,37.6135,41.5088,63.6018,8.2865,4.3975,17.7344,2.1227,0.8930,0.1646,0.1789,0.8643,0.1509,2,有效,1.0000
002376,新北洋,计算机设备,主板,普通观察,37.5794,35.8245,33.4783,43.1846,2.5907,58.5503,1.4451,3.2705,4.1211,1.2601,0.7804,0.2944,1,有效,1.0000
603307,扬州金泉,服装家纺,主板,普通观察,37.2012,29.6446,59.2408,21.6386,3.5614,23.6846,1.7891,0.4697,0.9530,2.0292,0.8278,0.1922,1,有效,1.0000
001207,联科科技,橡胶制品,主板,普通观察,37.1866,33.0658,57.1669,20.7384,3.1533,19.5935,2.3949,0.5893,0.8619,2.2907,0.6616,0.3136,0,有效,1.0000
603156,养元饮品,饮料制造,主板,普通观察,37.1496,9.4855,58.3924,39.6189,5.2174,40.4309,6.3109,1.3785,1.5508,1.0335,0.9326,-0.0333,1,有效,1.0000
002270,华明装备,电网设备,主板,普通观察,37.0029,31.6805,39.2777,39.2902,2.4361,20.8644,4.5286,0.7923,1.1462,1.1052,0.8206,-0.1376,1,有效,1.0000
603929,亚翔集成,建筑装饰,主板,普通观察,36.9149,14.4056,49.4334,43.6902,2.7749,24.9322,12.7569,0.6337,1.8673,2.9464,0.4982,0.6279,0,有效,1.0000
301509,金凯生科,医疗服务,创业板,价值陷阱复核,36.7389,21.0594,33.5626,53.3547,2.6643,58.5882,1.7444,1.0343,1.6239,2.2543,0.6674,0.2550,2,有效,1.0000
002422,科伦药业,化学制药,主板,价值陷阱复核,36.6240,15.5263,38.3819,52.9497,2.0238,34.1103,2.5344,0.5182,1.5524,3.7015,0.8752,-0.1384,2,有效,1.0000
603730,岱美股份,汽车零部件,主板,普通观察,36.5720,11.9029,56.1263,38.1627,2.8539,24.6698,4.4444,0.7776,1.2115,1.6801,0.9470,0.0277,0,有效,1.0000
002810,山东赫达,化学制品,主板,普通观察,36.5677,22.8995,40.3811,44.4700,2.0229,28.9169,3.0711,0.3103,1.2908,3.6411,0.7121,0.2322,1,有效,1.0000
001299,美能能源,燃气,主板,普通观察,36.4403,13.2094,51.2259,41.5671,4.4188,34.0804,2.7967,1.4986,1.1210,0.6795,0.6238,0.6639,1,有效,1.0000
300146,汤臣倍健,食品加工制造,创业板,价值陷阱复核,36.3889,46.9558,39.5625,24.1580,3.7469,24.2242,1.4452,0.9283,1.1747,1.3526,0.5839,-0.2950,3,有效,1.0000
002138,顺络电子,元件,主板,普通观察,36.3872,5.0080,43.4350,56.2360,2.2516,40.1253,6.0036,0.5690,1.7200,3.0231,0.6333,0.6418,0,有效,1.0000
002658,雪迪龙,环保设备,主板,价值陷阱复核,35.8501,26.3884,24.7621,55.0482,2.2148,31.8250,1.7720,0.9238,1.5697,1.6992,0.8433,-0.1762,3,有效,1.0000
688628,优利德,通用设备,科创板,普通观察,35.4249,5.2140,64.8776,31.8671,3.4548,51.2362,7.4606,0.7863,1.0577,1.3452,0.8519,0.1097,0,有效,1.0000
301047,义翘神州,生物制品,创业板,价值陷阱复核,35.3134,12.2986,69.6308,20.7231,7.6923,105.4546,3.3297,0.9976,0.9895,0.9350,0.3573,0.5733,2,有效,1.0000
600329,达仁堂,中药,主板,普通观察,35.2599,10.9807,77.7775,13.5532,10.4998,31.4159,4.4851,0.7396,0.4148,0.9434,0.3247,0.9344,1,有效,1.0000
600724,宁波富达,房地产,主板,价值陷阱复核,35.0379,13.6116,27.1571,61.2841,2.0833,38.9706,2.5695,0.9458,1.7982,1.9090,0.9087,-0.1056,2,有效,1.0000
300573,兴齐眼药,化学制药,创业板,普通观察,34.8163,39.4405,40.8667,24.8022,2.4186,16.0051,5.8561,0.7764,1.2335,1.5887,0.7750,-0.0489,0,有效,1.0000
301019,宁波色母,塑料制品,创业板,普通观察,34.6413,17.3676,41.1594,42.9294,2.8434,26.9225,2.9625,0.9752,0.9471,1.0942,0.6909,0.4946,1,有效,1.0000
002406,远东传动,汽车零部件,主板,价值陷阱复核,34.6186,40.1555,54.1438,10.3475,3.7783,23.2031,1.1855,0.9256,0.5304,0.4275,0.5365,0.7321,2,有效,1.0000
300187,永清环保,环境治理,创业板,普通观察,34.4800,23.5628,42.1797,36.1380,2.1971,22.7666,2.4640,0.6147,1.3348,3.6536,0.5364,0.8886,0,有效,1.0000
300017,网宿科技,IT服务,创业板,普通观察,34.3496,7.0626,43.0270,49.0610,2.4390,47.3101,3.5290,0.9059,1.2886,1.4225,0.9877,0.0147,1,有效,1.0000
301365,矩阵股份,建筑装饰,创业板,普通观察,33.9091,6.5928,35.3071,55.9251,2.8523,125.4313,3.4959,1.9454,4.0675,1.8836,0.5333,1.0000,1,有效,1.0000
603025,大豪科技,自动化设备,主板,普通观察,33.8426,31.1075,50.8401,19.1894,2.5056,17.1439,5.2361,0.7076,0.5387,0.7613,0.8267,0.2289,1,有效,1.0000
605117,德业股份,光伏设备,主板,普通观察,33.5922,16.6292,52.4303,29.2937,3.3735,22.7033,8.6303,0.8290,1.1619,1.5096,0.6105,0.7099,0,有效,1.0000
603182,嘉华股份,农产品加工,主板,普通观察,33.5891,27.9936,51.6372,20.3371,3.1606,25.1967,1.9886,0.5976,0.8380,0.9646,0.4901,0.1180,0,有效,1.0000
301262,海看股份,文化传媒,创业板,普通观察,33.2273,24.6857,34.9188,38.8571,2.4910,24.7395,2.1939,0.6230,0.9488,0.8953,0.6751,-0.2286,1,有效,1.0000
301077,星华新材,化学制品,创业板,普通观察,32.9677,18.2575,40.5485,37.9955,2.3184,31.3322,3.0922,0.7866,1.2969,1.4890,0.7499,0.2247,0,有效,1.0000
300181,佐力药业,中药,创业板,价值陷阱复核,32.9458,50.4021,27.1641,23.7650,2.1658,14.3741,2.7374,0.8182,0.6517,0.9139,0.7817,-0.1232,2,有效,1.0000
605268,王力安防,家居用品,主板,普通观察,32.7546,19.3187,36.1597,40.8660,2.3430,35.4427,2.5493,0.8763,1.8233,2.0807,0.8424,-0.0861,1,有效,1.0000
002632,道明光学,塑料制品,主板,普通观察,32.4317,18.1059,37.1748,39.9679,2.4096,28.8246,2.5988,0.9556,1.5437,1.6154,0.9342,0.0000,1,有效,1.0000
301015,百洋医药,医药商业,创业板,价值陷阱复核,32.4193,10.3810,37.8101,45.9185,2.4195,24.5453,5.7351,0.5791,1.1768,2.0320,0.8711,-0.1343,2,有效,1.0000
688289,圣湘生物,医疗器械,科创板,价值陷阱复核,32.1781,32.4188,49.8949,14.2549,2.7657,69.6855,1.3373,1.0934,0.9247,0.6122,0.9409,0.0654,2,有效,1.0000
301056,森赫股份,专用设备,创业板,普通观察,32.1435,12.7719,33.7897,47.1016,2.3810,51.5241,4.5680,1.1019,1.2885,1.0126,0.7172,0.4142,1,有效,1.0000
002774,快意电梯,专用设备,主板,价值陷阱复核,32.0795,7.3604,50.2644,35.0825,3.2328,102.1739,4.9826,0.9309,1.3473,1.1840,0.8837,-0.1340,3,有效,1.0000
300532,今天国际,IT服务,创业板,价值陷阱复核,32.0788,20.0963,64.4042,10.0241,3.3956,26.2852,2.5751,0.7251,0.7119,0.9817,0.9574,-0.0126,2,有效,1.0000
603416,信捷电气,自动化设备,主板,普通观察,32.0754,19.8395,51.9502,22.6886,2.7938,25.6972,2.6948,0.5971,0.5588,0.9358,0.3678,1.8083,1,有效,1.0000
000408,藏格矿业,农化制品,主板,普通观察,31.6160,20.2718,45.8848,27.0706,2.9621,19.2453,6.3681,0.7348,0.5452,1.1875,0.3673,0.2488,1,有效,1.0000
002803,吉宏股份,互联网电商,主板,普通观察,31.5144,12.7448,31.9904,47.1268,2.2005,30.6645,3.4980,0.6158,2.1026,3.0233,0.7559,-0.2067,1,有效,1.0000
603383,顶点软件,软件开发,主板,普通观察,31.0989,13.1300,35.1920,42.4077,2.2155,27.9142,3.7993,0.8470,0.9950,1.2278,0.9343,-0.0659,1,有效,1.0000
301029,怡合达,自动化设备,创业板,普通观察,31.0686,13.9647,45.8106,30.9872,2.4359,28.1098,3.5240,0.4705,0.9931,1.6289,0.6560,0.3315,0,有效,1.0000
000989,九芝堂,中药,主板,价值陷阱复核,30.6190,33.6493,35.7487,22.8921,3.4364,22.2434,1.9898,1.1512,0.9202,0.7837,0.8528,-0.1389,3,有效,1.0000
300099,尤洛卡,专用设备,创业板,普通观察,30.3113,31.9017,50.7048,8.5546,2.5498,26.3075,1.9891,0.7725,0.4611,0.6173,0.8000,0.1970,1,有效,1.0000
002111,威海广泰,军工装备,主板,普通观察,30.2243,36.1798,41.0663,14.2777,3.0894,23.9300,1.6013,1.0363,1.0351,0.9988,0.4941,0.8078,1,有效,1.0000
688516,奥特维,光伏设备,科创板,价值陷阱复核,30.1874,11.5891,45.7544,30.5618,2.8723,30.7353,3.6742,0.6169,0.6228,1.7450,0.6987,-0.0437,2,有效,1.0000
003013,地铁设计,建筑装饰,主板,价值陷阱复核,29.5938,29.8042,38.2389,20.7683,2.1877,19.7385,2.2095,0.3984,0.1684,0.5491,0.8594,-0.1463,2,有效,1.0000
301386,未来电器,电网设备,创业板,普通观察,29.1674,24.9107,20.5307,41.4528,2.1277,36.2454,2.0035,0.7769,1.4306,0.9490,0.5081,-0.3798,1,有效,1.0000
603027,千禾味业,食品加工制造,主板,价值陷阱复核,28.8996,24.0878,31.9109,30.0127,2.8484,25.2631,2.6567,0.9842,0.8861,0.9147,0.8231,-0.1841,3,有效,1.0000
300519,新光药业,中药,创业板,价值陷阱复核,28.0264,13.3796,21.6325,46.9745,2.0134,38.1322,2.8525,0.9526,1.0604,1.1132,0.8586,-0.1340,2,有效,1.0000
600176,中国巨石,建筑材料,主板,普通观察,26.7330,11.0819,43.5618,23.3194,2.1053,35.0606,4.7922,0.3930,0.8313,2.1153,0.8295,0.1415,0,有效,1.0000
605589,圣泉集团,塑料制品,主板,普通观察,26.0273,14.5104,47.0867,14.8395,2.2968,32.0421,2.8277,0.5154,0.3047,0.5581,0.8057,0.2754,1,有效,1.0000
300866,安克创新,消费电子,创业板,普通观察,25.8604,14.9278,42.8652,18.2263,2.0981,23.8490,6.3398,0.5057,0.8855,1.7587,0.8172,0.2581,0,有效,1.0000
301300,远翔新材,橡胶制品,创业板,普通观察,25.1169,18.2986,44.9865,11.0915,2.5943,28.9205,2.5687,0.7705,0.7460,0.9683,0.6260,0.6683,1,有效,1.0000
301299,卓创资讯,文化传媒,创业板,价值陷阱复核,25.0887,6.1445,28.5165,37.8989,2.7584,41.9346,4.8173,1.5797,1.0879,0.6887,0.8772,-0.1408,2,有效,1.0000
300154,瑞凌股份,通用设备,创业板,普通观察,24.8360,8.7345,35.0156,28.4577,2.0305,66.9858,3.7098,0.8614,1.1275,1.2583,0.9990,-0.0011,1,有效,1.0000
603115,海星股份,电子化学品,主板,价值陷阱复核,24.7746,1.3804,54.8583,14.7432,3.2068,71.3524,8.3343,0.8743,0.6257,0.8891,0.9142,0.1016,2,有效,1.0000
603519,立霸股份,白色家电,主板,价值陷阱复核,24.7565,15.9563,48.2685,8.7873,8.3126,24.6624,4.1506,1.6591,0.6184,0.3727,0.6439,-0.2946,4,有效,1.0000
600373,中文传媒,文化传媒,主板,价值陷阱复核,24.2227,46.5335,23.7079,5.6138,2.1413,36.5858,0.5713,0.7496,0.5392,0.7193,0.4828,-0.4947,3,有效,1.0000
301203,国泰环保,环境治理,创业板,价值陷阱复核,24.1268,19.4876,28.2931,23.9369,2.4510,29.7094,1.9832,0.8660,0.8152,1.3157,0.7395,-0.2697,2,有效,1.0000
300400,劲拓股份,自动化设备,创业板,普通观察,22.7544,0.8668,17.8893,46.3804,2.0707,92.1630,11.0337,1.1845,2.5456,2.5765,0.3882,0.8111,1,有效,1.0000
688036,传音控股,消费电子,科创板,价值陷阱复核,21.9678,29.3098,32.1368,5.5056,2.5695,19.6027,2.9094,0.7550,0.5503,0.8324,0.6531,-0.3655,3,有效,1.0000
301023,奕帆传动,电机,创业板,价值陷阱复核,14.3864,7.8010,26.5361,7.8812,2.0785,47.1429,3.4066,0.9811,0.5375,0.6110,0.8073,0.1695,2,有效,1.0000
