theme,code,name,latest_nav,shares,fund_size,scale_source,capacity_source,fund_type,query_date
1000增强ETF,159677,1000增强ETF,1.4686,,,,missing,股票型,2026-09-24
180ESGETF工银,510990,180ESGETF工银,1.0344,38948600.0,40288431.839999996,sse_shares,fund_size,股票型,2026-09-24
800增强ETF,159517,800增强ETF,1.3008,,,,missing,股票型,2026-09-24
A500,563360,华泰柏瑞中证A500ETF,1.2407,29821987400.000004,37000139767.18,sse_shares,fund_size,股票型,2026-09-24
AI算力,515070,华夏中证人工智能主题ETF,1.1125,7454940400.0,8293621195.0,sse_shares,fund_size,股票型,2026-09-24
ESGETF,159717,ESGETF,1.0055,,,,missing,股票型,2026-09-24
VRETF,159786,VRETF,1.1249,,,,missing,股票型,2026-09-24
万家全指公用事业,560620,万家中证全指公用事业ETF,0.941,25867000.0,24340847.0,sse_shares,fund_size,股票型,2026-09-24
上,530800,上180ETF,1.1754,18201800.0,21394395.72,sse_shares,fund_size,股票型,2026-09-24
上证50,510050,华夏上证50ETF,2.9574,7167366800.000001,21196770574.32,sse_shares,fund_size,股票型,2026-09-24
东英富时亚太精选,159687,南方基金南方东英富时亚太精选ETF(QDII),1.8508,,,,missing,股票型,2026-09-24
东英新交所泛东南亚科技,513730,华泰柏瑞南方东英新交所泛东南亚科技ETF(QDII),1.1083,790355000.0,875950446.5,sse_shares,fund_size,股票型,2026-09-24
东英沙特阿拉伯,520830,华泰柏瑞南方东英沙特阿拉伯ETF(QDII),0.8777,1033619000.0,907207396.3000001,sse_shares,fund_size,股票型,2026-09-24
中创,159918,嘉实中创400ETF,2.439,,,,missing,股票型,2026-09-24
中国,512380,MSCI中国,1.5605,72805600.0,113613138.8,sse_shares,fund_size,股票型,2026-09-24
中国互联互通,560050,汇添富MSCI中国A50互联互通ETF,1.055,2134934400.0,2252355792.0,sse_shares,fund_size,股票型,2026-09-24
中国互联互通策略,563280,富国MSCI中国A50互联互通增强策略ETF,1.3589,5206600.0,7075248.74,sse_shares,fund_size,股票型,2026-09-24
中国国际,512360,平安MSCI中国A股国际ETF,1.7318,27337700.0,47343428.86,sse_shares,fund_size,股票型,2026-09-24
中国国际通,512090,易方达MSCI中国A股国际通ETF,1.9376,313592300.0,607616440.48,sse_shares,fund_size,股票型,2026-09-24
中国通用,159621,国泰MSCI中国A股ESG通用ETF,1.1247,,,,missing,股票型,2026-09-24
中小企业,159902,华夏中小企业100ETF,4.3888,,,,missing,股票型,2026-09-24
中盘,510130,易方达上证中盘ETF,7.2113,31485100.000000004,227048501.63000003,sse_shares,fund_size,股票型,2026-09-24
中证1000,512100,南方中证1000ETF,3.0766,6453217600.0,19853969268.16,sse_shares,fund_size,股票型,2026-09-24
中证2000,563300,华泰柏瑞中证2000ETF,1.465,3983674000.0,5836082410.0,sse_shares,fund_size,股票型,2026-09-24
中证500,510500,南方中证500ETF,7.6568,5487368600.0,42015683896.479996,sse_shares,fund_size,股票型,2026-09-24
中证A100ETF工银,561200,中证A100ETF工银,1.4085,31470500.0,44326199.25,sse_shares,fund_size,股票型,2026-09-24
中金科技先锋,560990,中金科技先锋ETF,1.0908,16187100.0,17656888.68,sse_shares,fund_size,股票型,2026-09-24
中韩半导体,513310,华泰柏瑞中证韩交所中韩半导体ETF(QDII),4.6208,2523427000.0,11660251481.6,sse_shares,fund_size,股票型,2026-09-24
主板,159578,南方深证主板50ETF,1.1372,,,,missing,股票型,2026-09-24
互联网沪港深,159550,互联网ETF沪港深,0.7617,,,,missing,股票型,2026-09-24
互联网龙头,159856,互联网龙头ETF工银,0.5553,,,,missing,股票型,2026-09-24
交通运输,516910,富国中证现代物流ETF,1.183,63641800.0,75288249.4,sse_shares,fund_size,股票型,2026-09-24
交银价值,159913,交银深证300价值ETF,2.345,,,,missing,股票型,2026-09-24
交银公司治理,510010,交银上证180公司治理ETF,1.733,127524400.0,220999785.20000002,sse_shares,fund_size,股票型,2026-09-24
价值,512040,富国中证价值ETF,1.1879,4631715900.0,5502015317.61,sse_shares,fund_size,股票型,2026-09-24
伊塔乌巴西,520870,易方达伊塔乌巴西IBOVESPA ETF(QDII),1.1519,516977200.0,595506036.68,sse_shares,fund_size,股票型,2026-09-24
传媒游戏,512980,广发中证传媒ETF,0.8027,5546924399.999999,4452516215.879999,sse_shares,fund_size,股票型,2026-09-24
低碳,562300,低碳ETF,0.6151,62495000.0,38440674.5,sse_shares,fund_size,股票型,2026-09-24
保证金快线,159003,招商保证金快线A,24.8,,,,missing,货币型,2026-09-24
信息安全,562920,易方达中证信息安全主题ETF,0.9104,92069000.0,83819617.6,sse_shares,fund_size,股票型,2026-09-24
债券,511360,海富通中证短融ETF,113.9655,737520600.0,84051903939.3,sse_shares,fund_size,债券型,2026-09-24
光伏,515790,华泰柏瑞中证光伏产业ETF,0.7926,5941494000.0,4709228144.4,sse_shares,fund_size,股票型,2026-09-24
全指公用事业,560190,鹏华中证全指公用事业ETF,1.004,27334000.0,27443336.0,sse_shares,fund_size,股票型,2026-09-24
全指农牧渔,159275,华宝中证全指农牧渔ETF,0.8582,,,,missing,股票型,2026-09-24
全指家用电器,560880,广发中证全指家用电器ETF,1.5107,187732000.0,283606732.4,sse_shares,fund_size,股票型,2026-09-24
全指电力,159611,广发中证全指电力ETF,1.0245,,,,missing,股票型,2026-09-24
全指电力公用事业,561560,华泰柏瑞中证全指电力公用事业ETF,1.2445,1897624200.0000002,2361593316.9,sse_shares,fund_size,股票型,2026-09-24
兴业上证180ETF,530680,兴业上证180ETF,1.1426,102891900.0,117564284.94000001,sse_shares,fund_size,股票型,2026-09-24
兴全价值,159079,兴全国证价值100ETF,0.9781,,,,missing,股票型,2026-09-24
养老,516560,华宝养老ETF,0.7335,214258000.0,157158243.0,sse_shares,fund_size,股票型,2026-09-24
内地低碳经济,516070,易方达中证内地低碳经济主题ETF,0.5334,302646000.0,161431376.4,sse_shares,fund_size,股票型,2026-09-24
军工,512660,国泰中证军工ETF,1.13,6820080000.0,7706690399.999999,sse_shares,fund_size,股票型,2026-09-24
农牧,159616,建信中证农牧主题ETF,0.751,,,,missing,股票型,2026-09-24
农牧渔,560210,景顺长城农牧渔ETF,0.8168,486522000.0,397391169.59999996,sse_shares,fund_size,股票型,2026-09-24
创,159370,创50ETF工银,1.7098,,,,missing,股票型,2026-09-24
创业,159821,BOCI创业,1.2407,,,,missing,股票型,2026-09-24
创业板,158059,富国创业板算力基础设施ETF,0.9945,,,,missing,股票型,2026-09-24
创科技,159777,国联安创科技ETF,1.1767,,,,missing,股票型,2026-09-24
利安新兴亚洲精选,520580,招商利安新兴亚洲精选ETF(QDII),0.9282,292983900.0,271947655.98,sse_shares,fund_size,股票型,2026-09-24
制药,562050,华宝中证制药ETF,0.8873,123468000.0,109553156.39999999,sse_shares,fund_size,股票型,2026-09-24
化工材料,516120,富国中证细分化工产业主题ETF,0.8298,4655082000.0,3862787043.6,sse_shares,fund_size,股票型,2026-09-24
医服,516610,医服ETF,0.4251,223974800.0,95211687.47999999,sse_shares,fund_size,股票型,2026-09-24
医药,512170,华宝中证医疗ETF,0.341,70141820500.0,23918360790.5,sse_shares,fund_size,股票型,2026-09-24
半导体,512480,国联安半导体ETF,1.0226,19706007200.0,20151362962.719997,sse_shares,fund_size,股票型,2026-09-24
华夏上证180ETF,510670,华夏上证180ETF,0.9734,175493000.0,170824886.20000002,sse_shares,fund_size,股票型,2026-09-24
华夏上证580ETF,530530,华夏上证580ETF,1.1507,128460000.0,147818922.0,sse_shares,fund_size,股票型,2026-09-24
华夏中证A100ETF,159627,华夏中证A100ETF,1.2459,,,,missing,股票型,2026-09-24
华夏中证A股ETF,561730,华夏中证A股ETF,0.9965,62748100.00000001,62528481.65000001,sse_shares,fund_size,股票型,2026-09-24
华安上证180ETF,510180,华安上证180ETF,3.8677,4424057700.0,17110927966.29,sse_shares,fund_size,股票型,2026-09-24
华宝中证A100ETF,562000,华宝中证A100ETF,0.5789,588737900.0,340820370.31,sse_shares,fund_size,股票型,2026-09-24
华宝深证100ETF,159716,华宝深证100ETF,1.0571,,,,missing,股票型,2026-09-24
华富中证A100ETF,561880,华富中证A100ETF,1.2169,84389000.0,102692974.10000001,sse_shares,fund_size,股票型,2026-09-24
华泰柏瑞上证180ETF,530300,华泰柏瑞上证180ETF,1.2095,33643000.0,40691208.5,sse_shares,fund_size,股票型,2026-09-24
华泰柏瑞中证A股ETF,563330,华泰柏瑞中证A股ETF,4.1177,41160600.00000001,169487002.62000003,sse_shares,fund_size,股票型,2026-09-24
南方上证180ETF,530580,南方上证180ETF,1.1417,51149000.0,58396813.3,sse_shares,fund_size,股票型,2026-09-24
南方上证380ETF,510290,南方上证380ETF,2.6021,54448900.0,141681482.69,sse_shares,fund_size,股票型,2026-09-24
南方中证A100ETF,560380,南方中证A100ETF,1.2128,138861000.0,168410620.8,sse_shares,fund_size,股票型,2026-09-24
南方中证A股ETF,515440,南方中证A股ETF,0.9835,85179300.0,83773841.55,sse_shares,fund_size,股票型,2026-09-24
南方深证100ETF,159212,南方深证100ETF,1.3838,,,,missing,股票型,2026-09-24
博时中证A100ETF,561770,博时中证A100ETF,1.2001,35550000.0,42663555.0,sse_shares,fund_size,股票型,2026-09-24
卫星,563230,富国中证卫星产业ETF,1.089,3107237000.0,3383781093.0,sse_shares,fund_size,股票型,2026-09-24
双创,159782,双创50,1.0483,,,,missing,股票型,2026-09-24
双创龙头,588330,华宝双创龙头ETF,1.0652,1209737800.0,1288612704.56,sse_shares,fund_size,股票型,2026-09-24
可持续发展,515090,博时可持续发展100ETF,1.322,8801700.0,11635847.4,sse_shares,fund_size,股票型,2026-09-24
商品,510170,国联安上证商品ETF,1.322,310914800.0,411029365.6,sse_shares,fund_size,股票型,2026-09-24
嘉实中证A100ETF,159661,嘉实中证A100ETF,1.3664,,,,missing,股票型,2026-09-24
国寿安保创精选,159804,国寿安保创精选88ETF,1.6147,,,,missing,股票型,2026-09-24
国投瑞银全指公用事业,159159,国投瑞银中证全指公用事业ETF,1.0002,,,,missing,股票型,2026-09-24
国有企业改革,159528,富国中证国有企业改革ETF,1.2166,,,,missing,股票型,2026-09-24
国联日盈,511930,国联日盈A,26.95,,,,missing,货币型,2026-09-24
基建建材,560280,广发中证工程机械ETF,1.4068,1295252000.0,1822160513.6000001,sse_shares,fund_size,股票型,2026-09-24
基本面,159916,建信深证基本面60ETF,4.9306,,,,missing,股票型,2026-09-24
大成中证A100ETF,159923,大成中证A100ETF,2.0737,,,,missing,股票型,2026-09-24
大成深证100ETF,159216,大成深证100ETF,1.3917,,,,missing,股票型,2026-09-24
大盘价值,159021,华夏国证大盘价值ETF,1.0035,,,,missing,股票型,2026-09-24
大盘成长,159203,博时国证大盘成长ETF,1.295,,,,missing,股票型,2026-09-24
天弘上证180ETF,530080,天弘上证180ETF,1.2037,24917000.0,29992592.9,sse_shares,fund_size,股票型,2026-09-24
天弘中证A100ETF,512060,天弘中证A100ETF,1.1576,8928000.0,10335052.799999999,sse_shares,fund_size,股票型,2026-09-24
央国企,512950,华夏中证央企ETF,1.4899,4045551000.0,6027466434.9,sse_shares,fund_size,股票型,2026-09-24
家电家居,512430,华泰柏瑞中证家居家电ETF,0.8979,38720000.0,34766688.0,sse_shares,fund_size,股票型,2026-09-24
富国中证A100ETF,561180,富国中证A100ETF,1.259,49609600.0,62458486.4,sse_shares,fund_size,股票型,2026-09-24
富国中证A股ETF,159078,富国中证A股ETF,0.9271,,,,missing,股票型,2026-09-24
富国深证100ETF,159211,富国深证100ETF,1.357,,,,missing,股票型,2026-09-24
小康,510160,南方中证小康产业ETF,0.8869,182057400.00000003,161466708.06000003,sse_shares,fund_size,股票型,2026-09-24
工业互联,159778,工业互联ETF,1.1522,,,,missing,股票型,2026-09-24
工业互联网,159013,大成中证工业互联网主题ETF,0.9675,,,,missing,股票型,2026-09-24
布拉德斯科巴西伊博维斯帕,159100,华夏布拉德斯科巴西伊博维斯帕ETF(QDII),1.1565,,,,missing,股票型,2026-09-24
平安上证180ETF,530280,平安上证180ETF,1.175,29934000.0,35172450.0,sse_shares,fund_size,股票型,2026-09-24
广发中证A100ETF,512910,广发中证A100ETF,1.2711,129628799.99999999,164771167.67999998,sse_shares,fund_size,股票型,2026-09-24
广发深证100ETF,159576,广发深证100ETF,1.4574,,,,missing,股票型,2026-09-24
建信中证A股ETF,159066,建信中证A股ETF,0.9185,,,,missing,股票型,2026-09-24
弘毅远方民企领先,159973,弘毅远方国证民企领先100ETF,1.808,,,,missing,股票型,2026-09-24
成份,159903,南方深证成份ETF,1.6309,,,,missing,股票型,2026-09-24
成渝经济圈,159623,博时成渝经济圈ETF,0.9492,,,,missing,股票型,2026-09-24
成长,562310,300成长,1.0222,412572300.00000006,421731405.06000006,sse_shares,fund_size,股票型,2026-09-24
房地产,512200,南方中证全指房地产ETF,1.2568,3162847900.0,3975067240.72,sse_shares,fund_size,股票型,2026-09-24
招商中证A100ETF,159631,招商中证A100ETF,1.1939,,,,missing,股票型,2026-09-24
招商深证100ETF,159975,招商深证100ETF,0.7168,,,,missing,股票型,2026-09-24
新兴科技,515860,嘉实新兴科技100ETF,2.0676,102878900.0,212712413.64000002,sse_shares,fund_size,股票型,2026-09-24
新经济,159822,新经济,0.5745,,,,missing,股票型,2026-09-24
新能源,516160,南方中证新能源ETF,2.2636,1564142000.0,3540591831.2,sse_shares,fund_size,股票型,2026-09-24
新能源车,561910,招商中证电池主题ETF,0.6586,4748076600.0,3127083248.7599998,sse_shares,fund_size,股票型,2026-09-24
方正富邦,159961,方正富邦深证100ETF,2.0947,,,,missing,股票型,2026-09-24
旅游酒店,562510,华夏中证旅游主题ETF,0.5521,1154595000.0,637451899.5,sse_shares,fund_size,股票型,2026-09-24
日经,513880,华安日经225ETF,2.032,1327970000.0,2698435040.0,sse_shares,fund_size,股票型,2026-09-24
易方达上证180ETF,530180,易方达上证180ETF,1.1731,61952000.0,72675891.2,sse_shares,fund_size,股票型,2026-09-24
易方达上证380ETF,530380,易方达上证380ETF,1.089,134705000.0,146693745.0,sse_shares,fund_size,股票型,2026-09-24
易方达上证580ETF,530100,易方达上证580ETF,1.1581,120696000.0,139778037.6,sse_shares,fund_size,股票型,2026-09-24
易方达中证800ETF,515810,易方达中证800ETF,1.6646,275908800.0,459277788.48,sse_shares,fund_size,股票型,2026-09-24
易方达中证A100ETF,159686,易方达中证A100ETF,1.2323,,,,missing,股票型,2026-09-24
易方达中证A股ETF,561890,易方达中证A股ETF,0.9944,31112600.000000004,30938369.44,sse_shares,fund_size,股票型,2026-09-24
易方达深证100ETF,159901,易方达深证100ETF,3.4092,,,,missing,股票型,2026-09-24
智选价值稳健策略,562530,华夏中证智选1000价值稳健策略ETF,1.2308,143144000.0,176181635.2,sse_shares,fund_size,股票型,2026-09-24
智选成长创新策略,562520,华夏中证智选1000成长创新策略ETF,1.3686,26568000.0,36360964.800000004,sse_shares,fund_size,股票型,2026-09-24
智选船舶,560710,富国中证智选船舶产业ETF,0.9538,1721580000.0,1642043004.0,sse_shares,fund_size,股票型,2026-09-24
机器人,562500,华夏中证机器人ETF,0.9191,18127187300.0,16660697847.43,sse_shares,fund_size,股票型,2026-09-24
机床,159667,国泰中证机床ETF,0.6375,,,,missing,股票型,2026-09-24
汇添富中证A100ETF,159630,汇添富中证A100ETF,1.3094,,,,missing,股票型,2026-09-24
汇添证价值,159042,汇添富国证价值100ETF,0.9717,,,,missing,股票型,2026-09-24
汇添证粮食,159073,汇添富国证粮食产业ETF,1.023,,,,missing,股票型,2026-09-24
沪深300,510300,华泰柏瑞沪深300ETF,4.5127,23904487700.0,107873781643.79,sse_shares,fund_size,股票型,2026-09-24
沪港深,517000,沪港深,0.9787,122793000.0,120177509.10000001,sse_shares,fund_size,股票型,2026-09-24
沪港深互联网,517050,华泰柏瑞中证沪港深互联网ETF,0.635,347605000.0,220729175.0,sse_shares,fund_size,股票型,2026-09-24
沪港深物联网,517660,天弘中证沪港深物联网主题ETF,1.2323,41080700.0,50623746.61,sse_shares,fund_size,股票型,2026-09-24
沪港深科技,517360,华安中证沪港深科技100ETF,0.9222,23583000.0,21748242.6,sse_shares,fund_size,股票型,2026-09-24
油气能源,561360,国泰中证油气产业ETF,1.4591,1199148000.0,1749676846.8000002,sse_shares,fund_size,股票型,2026-09-24
泰康,515380,泰康300,5.2483,658899800.0,3458103820.34,sse_shares,fund_size,股票型,2026-09-24
浙江国资创新发展,515760,华夏中证浙江国资创新发展ETF,1.3429,95388100.0,128096679.49,sse_shares,fund_size,股票型,2026-09-24
浦银策略,516720,浦银中证ESG120策略ETF,1.1135,7837800.0,8727390.299999999,sse_shares,fund_size,股票型,2026-09-24
浦银粮食,159060,浦银国证粮食产业ETF,1.0092,,,,missing,股票型,2026-09-24
海外宽基,513050,易方达中证海外中国互联网50(QDII-ETF),1.0335,34830432700.0,35997252195.450005,sse_shares,fund_size,股票型,2026-09-24
消费,512690,酒ETF,0.4082,31938550200.0,13037316191.64,sse_shares,fund_size,股票型,2026-09-24
深,159970,深100ETF工银,0.9779,,,,missing,股票型,2026-09-24
深证100ETF华安,159706,深证100ETF华安,0.8777,,,,missing,股票型,2026-09-24
深证100ETF永赢,159721,深证100ETF永赢,0.9957,,,,missing,股票型,2026-09-24
深证ETF,159943,深证ETF,1.4776,,,,missing,股票型,2026-09-24
添富,515800,添富中证800ETF,1.2458,3768437199.9999995,4694719063.759999,sse_shares,fund_size,股票型,2026-09-24
添富长三角,512650,添富中证长三角ETF,1.3236,32941600.0,43601501.760000005,sse_shares,fund_size,股票型,2026-09-24
港股宽基,513330,华夏恒生互联网科技业ETF(QDII),0.3482,75033480000.0,26126657736.0,sse_shares,fund_size,股票型,2026-09-24
港股科技,513180,华夏恒生科技ETF(QDII),0.5514,71267759500.0,39297042588.3,sse_shares,fund_size,股票型,2026-09-24
湾创,159976,湾创ETF工银,1.2662,,,,missing,股票型,2026-09-24
煤炭能源,515220,国泰中证煤炭ETF,1.2666,8063176899.999999,10212819861.539999,sse_shares,fund_size,股票型,2026-09-24
物联网,516260,华夏中证物联网主题ETF,1.3301,45882600.0,61028446.260000005,sse_shares,fund_size,股票型,2026-09-24
环保低碳,562550,华夏中证绿色电力ETF,1.1176,1415919300.0,1582431409.6799998,sse_shares,fund_size,股票型,2026-09-24
现金流,159225,现金流ETF基金,1.2122,,,,missing,股票型,2026-09-24
电信,563010,易方达中证电信主题ETF,2.1595,100189300.0,216358793.35,sse_shares,fund_size,股票型,2026-09-24
电力,560270,电力ETF工银,0.9296,158439000.0,147284894.4,sse_shares,fund_size,股票型,2026-09-24
电网设备,159326,华夏中证电网设备主题ETF,1.6295,,,,missing,股票型,2026-09-24
畜牧,159867,畜牧ETF,0.5325,,,,missing,股票型,2026-09-24
白银,161226,国投瑞银白银期货证券投资基金(LOF),,,,,missing,LOF,
石化,516570,易方达中证石化产业ETF,0.9755,1131357600.0,1103639338.8,sse_shares,fund_size,股票型,2026-09-24
石油,159017,石油ETF工银,0.9121,,,,missing,股票型,2026-09-24
石油天然气,159026,南方国证石油天然气ETF,0.914,,,,missing,股票型,2026-09-24
社会责任,510090,建信上证社会责任ETF,2.4956,24581100.0,61344593.160000004,sse_shares,fund_size,股票型,2026-09-24
科创,588000,华夏上证科创板50成份ETF,1.7127,55052668200.0,94288704826.14,sse_shares,fund_size,股票型,2026-09-24
科创创业策略,588320,广发中证科创创业50增强策略ETF,1.6701,92824599.99999999,155026364.45999998,sse_shares,fund_size,股票型,2026-09-24
科创半导体,588200,嘉实上证科创板芯片ETF,1.1596,43585184300.0,50541379714.28,sse_shares,fund_size,股票型,2026-09-24
科技,513160,科技30,0.9282,3041189300.0,2822831908.26,sse_shares,fund_size,股票型,2026-09-24
科技成长,515000,华宝中证科技龙头ETF,1.256,3228579300.0,4055095600.8,sse_shares,fund_size,股票型,2026-09-24
科技策略,515750,富国中证科技50策略ETF,1.9732,263140500.0,519228834.6,sse_shares,fund_size,股票型,2026-09-24
科综指增,588690,科综指增,1.21,51636000.0,62479560.0,sse_shares,fund_size,股票型,2026-09-24
策略,512030,易方达中证A50增强策略ETF,1.0552,43240000.0,45626848.0,sse_shares,fund_size,股票型,2026-09-24
粤港澳大湾区,512970,粤港澳大湾区ETF,1.4485,5987600.0,8673038.6,sse_shares,fund_size,股票型,2026-09-24
粮食,159031,博时国证粮食产业ETF,0.9561,,,,missing,股票型,2026-09-24
红利,512890,华泰柏瑞中证红利低波动ETF,1.1831,25794110800.0,30517012487.48,sse_shares,fund_size,股票型,2026-09-24
纳指,513100,国泰纳斯达克100(QDII-ETF),2.0487,9677110600.0,19825496486.22,sse_shares,fund_size,股票型,2026-09-24
细分机械设备,516960,国泰中证细分机械设备产业主题ETF,0.7941,16051099.999999998,12746178.51,sse_shares,fund_size,股票型,2026-09-24
综合,510760,国泰上证综合ETF,1.3358,3287503700.0,4391447442.46,sse_shares,fund_size,股票型,2026-09-24
综合策略,562810,嘉实上证综合增强策略ETF,1.1616,47951000.0,55699881.6,sse_shares,fund_size,股票型,2026-09-24
综指,510210,上证综指ETF,1.0003,13502192600.0,13506243257.779999,sse_shares,fund_size,股票型,2026-09-24
自然资源,510410,博时上证自然资源ETF,1.875,439258399.99999994,823609499.9999999,sse_shares,fund_size,股票型,2026-09-24
自由现金流,563390,华泰柏瑞中证全指自由现金流ETF,1.1587,2128344000.0,2466112192.8,sse_shares,fund_size,股票型,2026-09-24
融通,159219,融通深证100ETF,1.2885,,,,missing,股票型,2026-09-24
装备,562910,易方达中证装备产业ETF,0.7684,305227300.0,234536657.32,sse_shares,fund_size,股票型,2026-09-24
计算机,515230,国泰中证全指软件ETF,0.6675,7862690900.0,5248346175.75,sse_shares,fund_size,股票型,2026-09-24
证券,512880,国泰中证全指证券公司ETF,1.0453,56523291500.0,59083796604.95,sse_shares,fund_size,股票型,2026-09-24
财富宝,511850,财富宝E,31.98,,,,missing,货币型,2026-09-24
货币,511620,国泰瞬利货币A,25.66,,,,missing,货币型,2026-09-24
质量,515910,质量ETF,0.6628,221507000.0,146814839.6,sse_shares,fund_size,股票型,2026-09-24
质量兴全,563960,300质量ETF兴全,0.9268,349512000.0,323927721.59999996,sse_shares,fund_size,股票型,2026-09-24
资源金属,512400,南方中证申万有色金属ETF,1.6564,14208539000.0,23535023999.600002,sse_shares,fund_size,股票型,2026-09-24
超大盘,510020,博时上证超大盘ETF,3.8473,35848000.0,137918010.4,sse_shares,fund_size,股票型,2026-09-24
车联网,159872,车联网,0.818,,,,missing,股票型,2026-09-24
通信,515880,国泰中证全指通信设备ETF,0.6785,65993774000.0,44776775659.0,sse_shares,fund_size,股票型,2026-09-24
道琼斯,513400,道琼斯ETF,1.2647,3073062000.0,3886501511.3999996,sse_shares,fund_size,股票型,2026-09-24
金融,510230,国泰上证180金融ETF,1.3231,664808000.0,879607464.8,sse_shares,fund_size,股票型,2026-09-24
金鹰现金增益,511770,金鹰现金增益E,19.54,,,,missing,货币型,2026-09-24
银行,512800,华宝中证银行ETF,0.8373,11747679900.0,9836332380.27,sse_shares,fund_size,股票型,2026-09-24
长江保护,517330,易方达中证长江保护主题ETF,0.9465,1808169000.0,1711431958.5,sse_shares,fund_size,股票型,2026-09-24
顶峰,513800,南方顶峰TOPIXETF(QDII),1.8833,1056244400.0,1989225078.52,sse_shares,fund_size,股票型,2026-09-24
饲料豆粕期货,159985,华夏饲料豆粕期货ETF,2.2405,,,,missing,其他,2026-09-24
鹏华上证180ETF,510040,鹏华上证180ETF,1.1367,26480000.0,30099816.0,sse_shares,fund_size,股票型,2026-09-24
鹏华中证800ETF,159800,鹏华中证800ETF,1.3803,,,,missing,股票型,2026-09-24
黄金,518880,华安黄金ETF,8.8065,11950040800.0,105238034305.2,sse_shares,fund_size,其他,2026-09-24
