rank,code,name,market,heat,sdate,stime
1,588060,科创50ETF广发,20,12159934.0,20260928,10
2,159952,创业板ETF广发,36,9684992.1,20260928,10
3,159941,纳指ETF广发,36,7059071.7,20260928,10
4,513120,港股创新药ETF广发,20,6798805.4,20260928,10
5,588940,科创50ETF富国,20,6367284.5,20260928,10
6,510330,沪深300ETF华夏,20,5985757.5,20260928,10
7,515880,通信ETF国泰,20,5527153.5,20260928,10
8,588870,科创50ETF汇添富,20,5069610.8,20260928,10
9,515050,通信ETF华夏,20,4896772.6,20260928,10
10,159558,半导体设备ETF易方达,36,4754239.0,20260928,10
11,588710,科创半导体设备ETF华泰柏瑞,20,4486478.6,20260928,10
12,159583,通信ETF富国,36,4474896.5,20260928,10
13,560780,半导体设备ETF广发,20,4360260.7,20260928,10
14,512880,证券ETF国泰,20,4175233.0,20260928,10
15,518850,黄金ETF华夏,20,4170111.4,20260928,10
16,518600,金ETF广发,20,4075295.7,20260928,10
17,512480,半导体ETF国联安,20,3896690.7,20260928,10
18,513650,标普500ETF南方,20,3887857.8,20260928,10
19,515120,创新药ETF广发,20,3592660.7,20260928,10
20,159660,纳指ETF汇添富,36,3588074.9,20260928,10
21,588170,科创半导体ETF华夏,20,3317165.7,20260928,10
22,159801,芯片ETF广发,36,3229917.7,20260928,10
23,159977,创业板ETF天弘,36,3074821.3,20260928,10
24,512400,有色金属ETF南方,20,3025454.9,20260928,10
25,159607,中概互联网ETF嘉实,36,3019801.2,20260928,10
26,513870,纳指ETF富国,20,3005791.7,20260928,10
27,515220,煤炭ETF国泰,20,2990405.9,20260928,10
28,513100,纳指ETF国泰,20,2990151.1,20260928,10
29,159682,创业板50ETF景顺,36,2956401.8,20260928,10
30,159509,纳指科技ETF景顺,36,2837418.0,20260928,10
