code,name,theme,fund_size,score,total_return,annual_vol,latest_close
159941,广发纳指100ETF,纳指,35002330429.247604,0.505738,0.084455,0.17387,1.772
513880,华安日经225ETF,日经,2776935807.9999995,0.357934,0.078922,0.233543,2.242
159100,华夏布拉德斯科巴西伊博维斯帕ETF(QDII),布拉德斯科巴西伊博维斯帕,543570180.228,0.286415,0.118386,0.444366,1.247
520870,易方达伊塔乌巴西IBOVESPA ETF(QDII),伊塔乌巴西,580764661.5600001,0.265908,0.116007,0.47175,1.241
512200,南方中证全指房地产ETF,房地产,5369483902.86,0.226884,0.069536,0.336113,1.292
560710,富国中证智选船舶产业ETF,智选船舶,1575909334.0,0.202166,0.053728,0.29494,0.961
513800,南方顶峰TOPIXETF(QDII),顶峰,2015839101.36,0.143351,0.023143,0.18762,1.901
512800,华宝中证银行ETF,银行,9926886270.93,0.140782,0.017773,0.147145,0.859
159666,华夏中证全指运输ETF,交通运输,82695115.794,0.111702,0.014344,0.156423,0.99
159588,景顺长城国证石油天然气ETF,石油天然气,514762599.5952,0.07661,0.013557,0.239475,1.271
512170,华宝中证医疗ETF,医药,24332223408.350002,0.070177,0.011834,0.235851,0.342
159518,嘉实标普石油天然气勘探及生产精选行业ETF(QDII),油气能源,2013679749.0546,0.049921,0.01373,0.458868,1.329
