code6,name,signals,first_signal,last_signal,avg_return,median_return,avg_adverse,last_score,win_rate
000893,亚钾国际,4,2025-06-30,2026-01-30,0.09113316853979331,0.07294491551763865,-0.046255241367531674,76.28289703208883,1.0
002170,芭田股份,3,2025-08-29,2026-01-30,0.032180360663050134,0.0496562261268143,-0.07130378442898576,74.3853679774303,0.6666666666666666
002222,福晶科技,3,2026-01-30,2026-04-30,-0.04113069890739373,-0.0604316546762589,-0.11197814674300827,71.13559930359695,0.3333333333333333
601020,华钰矿业,2,2025-02-28,2025-10-31,0.15693907084945485,0.15693907084945485,-0.0610278606906681,80.27677108759225,1.0
002602,世纪华通,2,2025-02-28,2025-07-31,0.11873174294060355,0.11873174294060355,-0.0187337715027589,75.86149911065743,1.0
003025,思进智能,2,2024-10-31,2025-02-28,0.0713320404205369,0.0713320404205369,-0.04470416126977645,75.57212570983543,0.5
000783,长江证券,2,2025-07-31,2025-08-29,0.042897612302711496,0.042897612302711496,-0.05832916063626185,74.83712777530107,0.5
002489,浙江永强,2,2024-10-31,2024-11-29,0.01935483870967745,0.01935483870967745,-0.04076156653842355,77.04083457655399,0.5
603508,思维列控,2,2025-02-28,2025-08-29,-0.0095706441505985,-0.0095706441505985,-0.045434832337550704,83.69850884786523,0.5
605016,百龙创园,2,2025-06-30,2026-04-30,-0.03838745898189685,-0.03838745898189685,-0.08410727646195855,71.26600856734477,0.5
600160,巨化股份,2,2026-01-30,2026-02-27,-0.055444604685535345,-0.055444604685535345,-0.12132078113311974,77.25822989238117,0.5
603986,兆易创新,2,2025-10-31,2026-02-27,-0.0878814546741272,-0.0878814546741272,-0.1820374507180206,74.08633682673276,0.0
600111,北方稀土,1,2025-06-30,2025-06-30,0.6120306822769479,0.6120306822769479,-0.0242228502220427,73.5757482084207,1.0
002755,奥赛康,1,2025-02-28,2025-02-28,0.3163051084674597,0.3163051084674597,-0.0454863540937717,74.00210210812035,1.0
603087,甘李药业,1,2025-07-31,2025-07-31,0.2343257443082311,0.2343257443082311,-0.0049036777583187,82.58569201386537,1.0
002353,杰瑞股份,1,2025-08-29,2025-08-29,0.204099244875944,0.204099244875944,-0.0519956850053938,74.05089797768589,1.0
000426,兴业银锡,1,2025-06-30,2025-06-30,0.1757614213197971,0.1757614213197971,-0.0063451776649745,80.1664784601555,1.0
600995,南网储能,1,2026-01-30,2026-01-30,0.1735983460077572,0.1735983460077572,-0.0503909681857718,72.65947783650894,1.0
600179,安通控股,1,2025-07-31,2025-07-31,0.1645161290322581,0.1645161290322581,-0.0032258064516129,77.53357110138631,1.0
002545,东方铁塔,1,2025-06-30,2025-06-30,0.1562499999999997,0.1562499999999997,-0.0024038461538461,73.37712102377041,1.0
600989,宝丰能源,1,2026-02-27,2026-02-27,0.1463885670142912,0.1463885670142912,-0.0417149478563152,80.98379127637489,1.0
603162,海通发展,1,2026-04-30,2026-04-30,0.1169066661305515,0.1169066661305515,-0.0020000009590398,77.83115495247931,1.0
000935,四川双马,1,2025-06-30,2025-06-30,0.0875550660792952,0.0875550660792952,-0.0170704845814977,80.26139479922814,1.0
000792,盐湖股份,1,2025-07-31,2025-07-31,0.0854465270121278,0.0854465270121278,-0.0181918412348401,75.83652545614156,1.0
600276,恒瑞医药,1,2025-08-29,2025-08-29,0.0555891238670693,0.0555891238670693,-0.0362537764350453,74.48153800296708,1.0
002981,朝阳科技,1,2025-06-30,2025-06-30,0.0550300616551142,0.0550300616551142,-0.0137862367403208,73.3030178372291,1.0
601083,锦江航运,1,2025-07-31,2025-07-31,0.0459275206315035,0.0459275206315035,-0.0134553283100108,80.82006277306918,1.0
000902,新洋丰,1,2025-06-30,2025-06-30,0.04080118694362,0.04080118694362,-0.0200296735905044,78.66452923162436,1.0
000408,藏格矿业,1,2025-10-31,2025-10-31,0.0378151260504202,0.0378151260504202,-0.0966386554621848,76.68223353786185,1.0
600338,西藏珠峰,1,2025-07-31,2025-07-31,0.0366581415174764,0.0366581415174764,-0.040920716112532,77.24705281623507,1.0
002891,中宠股份,1,2024-11-29,2024-11-29,0.0343972730089867,0.0343972730089867,-0.0613572977998141,71.2408498493748,1.0
002546,新联电子,1,2025-02-28,2025-02-28,0.0342612419700214,0.0342612419700214,-0.0149892933618844,69.34073267331527,1.0
603662,柯力传感,1,2025-08-29,2025-08-29,0.024325666059904,0.024325666059904,-0.1089414749848309,74.50950870225371,1.0
002039,黔源电力,1,2025-10-31,2025-10-31,0.0068965517241379,0.0068965517241379,-0.0103448275862069,81.18501095324274,1.0
600354,敦煌种业,1,2024-11-29,2024-11-29,0.0048231511254019,0.0048231511254019,-0.1109324758842442,73.47734928729508,1.0
600615,鑫源智造,1,2025-07-31,2025-07-31,0.0015710919088767,0.0015710919088767,-0.0361351139041634,80.82163577263044,1.0
002128,电投能源,1,2026-04-30,2026-04-30,-0.0006365372374285,-0.0006365372374285,-0.0970719287078294,73.14617163549991,0.0
002577,雷柏科技,1,2024-10-31,2024-10-31,-0.0012618296529968,-0.0012618296529968,-0.0662460567823343,71.17882657637533,0.0
003031,中瓷电子,1,2025-08-29,2025-08-29,-0.0050595723845275,-0.0050595723845275,-0.1258364615635711,76.53939390652303,0.0
002028,思源电气,1,2024-10-31,2024-10-31,-0.0059891911267302,-0.0059891911267302,-0.0228783432525361,68.84944564146221,0.0
002728,特一药业,1,2025-07-31,2025-07-31,-0.0077177508269019,-0.0077177508269019,-0.0352811466372657,81.04036376353586,0.0
605305,中际联合,1,2024-11-29,2024-11-29,-0.0086673889490791,-0.0086673889490791,-0.0787287829541351,73.14987560114798,0.0
002409,雅克科技,1,2025-02-28,2025-02-28,-0.0123839009287924,-0.0123839009287924,-0.0588235294117647,69.73447659379903,0.0
002093,国脉科技,1,2024-11-29,2024-11-29,-0.0132850241545893,-0.0132850241545893,-0.0555555555555554,78.37999774172727,0.0
603390,通达电气,1,2024-10-31,2024-10-31,-0.0203644158628081,-0.0203644158628081,-0.0568060021436226,70.79505451492308,0.0
603585,苏利股份,1,2026-01-30,2026-01-30,-0.0246873657921625,-0.0246873657921625,-0.0823743778891754,73.98801306903458,0.0
601236,红塔证券,1,2024-10-31,2024-10-31,-0.0251000363768644,-0.0251000363768644,-0.0509276100400145,69.810948924943,0.0
605376,博迁新材,1,2024-11-29,2024-11-29,-0.0259567387687188,-0.0259567387687188,-0.0785357737104824,79.23044712126186,0.0
600382,广东明珠,1,2026-02-27,2026-02-27,-0.0300438843254192,-0.0300438843254192,-0.200292562169461,82.89242299632026,0.0
001270,铖昌科技,1,2025-10-31,2025-10-31,-0.0339242722696432,-0.0339242722696432,-0.0882031079010724,74.62945650952541,0.0
600909,华安证券,1,2025-10-31,2025-10-31,-0.0341614906832299,-0.0341614906832299,-0.0496894409937889,75.82473131022621,0.0
002624,完美世界,1,2025-06-30,2025-06-30,-0.0363636363636362,-0.0363636363636362,-0.0888888888888889,78.51605832716643,0.0
001221,悍高集团,1,2026-01-30,2026-01-30,-0.0368587332631262,-0.0368587332631262,-0.0580713103655784,74.48298387659231,0.0
002850,科达利,1,2025-02-28,2025-02-28,-0.0411825152161885,-0.0411825152161885,-0.0870286933839222,69.45252099550368,0.0
600988,赤峰黄金,1,2026-02-27,2026-02-27,-0.0412821758135018,-0.0412821758135018,-0.2044681884409908,77.98312939061276,0.0
600216,浙江医药,1,2024-10-31,2024-10-31,-0.0435881238155401,-0.0435881238155401,-0.0644346178142766,72.88950651684632,0.0
600598,北大荒,1,2024-10-31,2024-10-31,-0.0470836261419536,-0.0470836261419536,-0.0765987350667604,72.3056601802817,0.0
600867,通化东宝,1,2025-10-31,2025-10-31,-0.0471380471380471,-0.0471380471380471,-0.0830527497194164,78.5267084081016,0.0
603379,三美股份,1,2025-06-30,2025-06-30,-0.0521347350354001,-0.0521347350354001,-0.0682257026389187,78.11364221467342,0.0
002027,分众传媒,1,2024-10-31,2024-10-31,-0.05446293494705,-0.05446293494705,-0.0620272314674735,68.9220740715464,0.0
002729,好利科技,1,2024-10-31,2024-10-31,-0.0552968568102444,-0.0552968568102444,-0.1236903376018625,69.52935681740489,0.0
000166,申万宏源,1,2025-10-31,2025-10-31,-0.0561797752808987,-0.0561797752808987,-0.0636704119850186,75.30849295679198,0.0
603267,鸿远电子,1,2025-08-29,2025-08-29,-0.0591645353793691,-0.0591645353793691,-0.1270247229326512,73.8752631301904,0.0
603530,神马电力,1,2026-04-30,2026-04-30,-0.0688578471651603,-0.0688578471651603,-0.0999178307313064,73.54782027175197,0.0
000722,湖南发展,1,2024-11-29,2024-11-29,-0.0724365004703669,-0.0724365004703669,-0.1044214487300094,73.56958156188165,0.0
603203,快克智能,1,2026-02-27,2026-02-27,-0.0833725489237514,-0.0833725489237514,-0.1267973856080311,74.47617765526758,0.0
600872,中炬高新,1,2026-04-30,2026-04-30,-0.08992628992629,-0.08992628992629,-0.1007371007371007,74.75021139005831,0.0
603259,药明康德,1,2026-04-30,2026-04-30,-0.093599833458624,-0.093599833458624,-0.1269480902125774,73.3678470714149,0.0
600933,爱柯迪,1,2025-02-28,2025-02-28,-0.0951351351351352,-0.0951351351351352,-0.1264864864864865,69.80685484490999,0.0
001296,长江材料,1,2026-01-30,2026-01-30,-0.1038781163434903,-0.1038781163434903,-0.1177285318559556,72.5551056337921,0.0
002151,北斗星通,1,2025-08-29,2025-08-29,-0.1044504995458674,-0.1044504995458674,-0.1398728428701181,74.33161859291666,0.0
605118,力鼎光电,1,2026-02-27,2026-02-27,-0.11441647597254,-0.11441647597254,-0.1601830663615561,82.71694015211204,0.0
603031,安孚科技,1,2024-11-29,2024-11-29,-0.1148371100917431,-0.1148371100917431,-0.1717810821100917,74.42244967714298,0.0
002858,力盛体育,1,2024-11-29,2024-11-29,-0.1152108433734939,-0.1152108433734939,-0.1694277108433735,73.8193582790688,0.0
605086,龙高股份,1,2025-02-28,2025-02-28,-0.1203764213828256,-0.1203764213828256,-0.141811527904849,71.24908371180327,0.0
601456,国联民生,1,2025-08-29,2025-08-29,-0.1242845461978739,-0.1242845461978739,-0.1308258381030252,74.55174422398629,0.0
002810,山东赫达,1,2026-04-30,2026-04-30,-0.1356954391255183,-0.1356954391255183,-0.153788164342254,72.50380146623336,0.0
603500,祥和实业,1,2026-01-30,2026-01-30,-0.1375661375661375,-0.1375661375661375,-0.1693121693121693,76.12444395803645,0.0
601336,新华保险,1,2026-01-30,2026-01-30,-0.1387168689621004,-0.1387168689621004,-0.1584097101808272,74.1707771058141,0.0
002487,大金重工,1,2026-04-30,2026-04-30,-0.1569321533923303,-0.1569321533923303,-0.1644837758112094,70.58255757931954,0.0
600183,生益科技,1,2026-02-27,2026-02-27,-0.1852914527333131,-0.1852914527333131,-0.2029598308668075,74.64156108920746,0.0
605060,联德股份,1,2026-04-30,2026-04-30,-0.2,-0.2,-0.2199163179916318,72.83410871147754,0.0
600605,汇通能源,1,2024-11-29,2024-11-29,-0.2047961630695445,-0.2047961630695445,-0.2486810551558753,72.64032636627921,0.0
600262,北方股份,1,2026-02-27,2026-02-27,-0.22631464251984,-0.22631464251984,-0.3016905880255686,74.46344738027857,0.0
